{"id":85,"producers":[
{"id":271,"lat":46.37431,"lng":-1.086441,"name":"pépinière rainbow","txt":"Productrice de plantes comestibles et ornementales.","post_code":85450,"city":"Puyravault","addr":" 12 RUE GALERNE","cat":"4","tel":"0760524667","email":"pepiniere.rainbow@gmail.com","web":"https://www.pepiniere-rainbow.com","suspect":0}
,{"id":272,"lat":46.60767,"lng":-1.433231,"name":"les agrobates","txt":"Ravivez vos papilles avec des fruits et légumes certifiés AB, cultivés et récoltés en Vendée ! Fabrication de sirops naturels, sauces ou encore légumes cuisinés…  \n\nProducteurs à Nesmy, commune située à 5 minutes de La Roche sur Yon et à 30 minutes des Sables d'Olonne. \n\nVente directe à la ferme les mardis et vendredis, de 16h à 19h et au marché des Halles centrales aux Sables d'Olonne.\n\nPaniers composés ou vente au détail. Plus d'informations sur www.lesagrobates.fr\n\nAu plaisir","post_code":85310,"city":"Nesmy","addr":" Beauséjour ","cat":"AM","tel":"0685352378","email":"lesagrobates@gmail.com","web":"http://lesagrobates.fr","suspect":0}
,{"id":273,"lat":46.620724,"lng":-0.915243,"name":"le rucher d' happy fred","txt":"Fred Joyeux, apiculteur-récoltant en Vendée. Production et vente de MIEL DE VENDÉE, confiseries au miel et produits de la ruche.","post_code":85410,"city":"La Caillère-Saint-Hilaire","addr":" 9 rue du Prieuré ","cat":"AN","tel":"0679102075","email":"lerucherdhappyfred@gmail.com","web":"","suspect":0}
,{"id":274,"lat":46.6949,"lng":-1.800709,"name":"coeur de grange","txt":"Vente au magasin à la ferme le mardi, mercredi, jeudi, vendredi et samedi matin.\nBovins, ovins, volailles, porc, œufs de plein air et autre produits d'épicerie","post_code":85220,"city":"Coëx","addr":" 1 les Viollières ","cat":"A2","tel":"0771778091","email":"coeurdegrange@gmail.com","web":"http://www.coeurdegrange.fr","suspect":0}
,{"id":275,"lat":46.904305,"lng":-0.903975,"name":"gustin, producteurs fermiers","txt":"Créée en 1979 à Saint-Malo-du-Bois, l’exploitation s’est implantée sur la commune voisine des Epesses en 2019. Depuis, elle se spécialise avec la vente directe de produits fermiers (volailles, agneaux et porcs) mais aussi de produits laitiers (fromages de brebis), en Vendée. Vos producteurs associés, Rémy et ses fils David et Pierre, ont l’honneur de vous faire découvrir leur exploitation nouvellement convertie en agriculture biologique ainsi que leurs divers produits fermiers.","post_code":85590,"city":"Les Epesses","addr":" la lardière ","cat":"A2","tel":"0660674516","email":"contact@gustin-producteurs.fr","web":"","suspect":1}
,{"id":276,"lat":46.827286,"lng":-1.983528,"name":"la ferme du pré tords","txt":"Nous élevons nos vaches Maraîchines en prairies naturelles dans le marais Breton Vendéen. Soucieux d'une préservation de la Biodiversité et de son maintien nous n'administrons pas vermicide ni de chimie dans notre environnement et sur nos animaux.\nNotre viande, de qualité, est proposée en vente directe sur commande par colis de 5kg/10kg.\nPour cela nous contacter : lafermedupretords@gmail.com","post_code":85300,"city":"Le Perrier","addr":" 102 chemin de Bel Air","cat":"A2","tel":"0625303333","email":"lafermedupretords@gmail.com","web":"","suspect":0}
,{"id":277,"lat":46.686283,"lng":-1.526615,"name":"les jardins du puyrajoux","txt":"Production de fruits et légumes en philosophie permaculture. Vente directe les mardis et vendredis de 16h30 à 19h.","post_code":85190,"city":"Venansault","addr":" Le Puyrajoux","cat":"AM","tel":"0646796777","email":"","web":"","suspect":0}
,{"id":278,"lat":46.61628,"lng":-1.193831,"name":"les fées des herbes","txt":"Production de plantes aromatiques et médicinales","post_code":85320,"city":"Les Pineaux","addr":" 1 La petite Guyornière ","cat":"43","tel":"0785854172","email":"lesfeesdesherbes85@gmail.com","web":"","suspect":0}
,{"id":279,"lat":46.87422,"lng":-1.322954,"name":"apisam","txt":"Pâtisserie Fabrication Artisanale Bio, Pain d'épices et de Gâteaux secs, adaptation sans gluten et diabétique.","post_code":85260,"city":"Les Brouzils","addr":" 11 Rue du four","cat":"AX","tel":"0689291097","email":"apisam@orange.fr","web":"","suspect":1}
,{"id":281,"lat":46.59444,"lng":-0.856382,"name":"fromagerie du purdeau","txt":"Nous sommes éleveurs de chèvres depuis 20 ans. Nous avons mis en place une petite fromagerie il y a 4 ans. Nos fromages sont au lait cru, moulés à la louche.\nNotre gamme de fromages est la suivante :\n- le frais nature\n- le frais aux herbes ( échalote, ail, ciboulette, poivre, ail et fines herbes, etc  ....\n- les affinés (une médaille de bronze obtenue en 2014 au concours de St maixent l'école )","post_code":85410,"city":"Thouarsais-Bouildroux","addr":" le purdeau","cat":"AL","tel":"0251527318","email":"earldupurdeau@gmail.com","web":"https://www.fromageriedupurdeau.fr/","suspect":0}
,{"id":282,"lat":46.77649,"lng":-1.144893,"name":"ferme \"les alpines\"","txt":"Vente de fromages de chèvres: Frais, nature, cendré ou poivre - Demi-sec et crotin - Bûche - Tomme de chèvre","post_code":85140,"city":"Essarts en Bocage","addr":" Le Buisson 85140 Sainte-Florence ","cat":"AL","tel":"0609648507","email":"lesalpines@wanadoo.fr","web":"","suspect":0}
,{"id":283,"lat":46.543167,"lng":-1.496931,"name":"vergers de la brunetière","txt":"Les Verges de la Brunetière cultivent des fruits biologiques.","post_code":85430,"city":"Nieul-le-Dolent","addr":" La Brunetière ","cat":"AF","tel":"0251095683","email":"contact@terredebrunetiere.com","web":"http://www.terredebrunetiere.com/","suspect":0}
,{"id":284,"lat":46.736683,"lng":-1.143418,"name":"le jardin de fangorn","txt":"Le Jardin de Fangorn produit des légumes à Sainte-Cécile.","post_code":85110,"city":"Sainte-Cécile","addr":" La Noue","cat":"AM","tel":"0251402871","email":"","web":"","suspect":0}
,{"id":285,"lat":46.916084,"lng":-2.047776,"name":"serge renaud","txt":"Cultivateur de fruits et légumes, il confectionne compotes et confitures avec ses récoltes.","post_code":85230,"city":"Beauvoir-sur-Mer","addr":" 4 rue du Sableau","cat":"AM","tel":"0619034754","email":"","web":"","suspect":0}
,{"id":286,"lat":46.864452,"lng":-2.096567,"name":"nicolas cluet","txt":"Producteur spécialisé dans la fabrication de viandes et charcuteries et la culture de fruits et légumes.","post_code":85550,"city":"La Barre-de-Monts","addr":" Les Blanches","cat":"A2","tel":"0964209137","email":"","web":"","suspect":0}
,{"id":287,"lat":46.728485,"lng":-2.357893,"name":"le jardin de l'amer","txt":"Le Jardin de l'Amer est spécialisé dans l'horticulture maraîchère et l'aviculture.","post_code":85350,"city":"L'Île-d'Yeu","addr":" Les Bossiles 14 impasse du Goron","cat":"AM","tel":"0251583495","email":"","web":"","suspect":0}
,{"id":288,"lat":46.76405,"lng":-1.403526,"name":"paul raimbault","txt":"L'exploitation agricole de Dompierre-sur-Yon produit et vend des légumes et de la viande bovine.","post_code":85170,"city":"Dompierre-sur-Yon","addr":" Les Petites Vergnes","cat":"A2","tel":"0251412167","email":"raimbaultpaul@yahoo.fr","web":"","suspect":1}
,{"id":1818,"lat":46.772896,"lng":1.1046699,"name":"Gautier","txt":null,"post_code":85110,"city":"Chantonnay","addr":"8 Rte de Nantes","cat":"OE","tel":"0251485610","email":"X","web":"https://www.gautier.fr/fr_FR/","suspect":0}
,{"id":2580,"lat":46.67169,"lng":-1.331525,"name":"BUISSONNADES","txt":"TYPE D'ACTIVITÉ : Création; SECTEUR :  Bois; SPÉCIALITÉ :  Création; DIPLÔMES : Autodidacte; ","post_code":85310,"city":"La Chaize-le-Vicomte","addr":"Le Parizeau de Saint Mars","cat":"O0","tel":"0642084892","email":"myriam.roux@wanadoo.fr","web":"https://www.myriamroux.com","suspect":0}
,{"id":2501,"lat":46.568962,"lng":-0.916502,"name":"AM SARL","txt":"TYPE D'ACTIVITÉ : Création,Restauration; SECTEUR :  Bois; SPÉCIALITÉ :  Moulages en résine toutes imitations de matière ; DIPLÔMES : CAP; ","post_code":85410,"city":"Saint-Laurent-de-la-Salle","addr":"8, rue des clouzils, 85410 Saint laurent de la salle","cat":"O0","tel":"0251001175","email":"art.moulage@wanadoo.fr","web":"","suspect":1}
,{"id":2513,"lat":46.42461,"lng":-0.678912,"name":"ARTISAN VANNIER","txt":"TYPE D'ACTIVITÉ : Création,Restauration,Tradition; SECTEUR :  Bois; SPÉCIALITÉ :  Vannerie d'osier; DIPLÔMES : BTS; ","post_code":85240,"city":"Rives-d'Autise","addr":"7, rue Aliénor d'aquitaine, 85240 NIEUL SUR L'AUTISE","cat":"O0","tel":"0251524956","email":"daniel.breillat@orange.fr","web":"","suspect":0}
,{"id":2528,"lat":46.74034,"lng":-1.12266,"name":"ATELIER DE DORURE C. DUMAS","txt":"TYPE D'ACTIVITÉ : Création,Restauration; SECTEUR :  Bois; SPÉCIALITÉ :  Restauration de dorures à la feuille; DIPLÔMES : CAP Doreur à la Feuille; ","post_code":85110,"city":"Sainte-Cécile","addr":"38 rue de l'Aublonnière, 85110 Sainte Cécile","cat":"O0","tel":"0621995016","email":"cdumas.dorure@gmail.com","web":"http://www.dorure-christophe-dumas.com","suspect":0}
,{"id":2529,"lat":46.844498,"lng":-1.865358,"name":"ATELIER DE GRAVURE","txt":"TYPE D'ACTIVITÉ : Création; SECTEUR :  Arts graphiques; SPÉCIALITÉ :  Peintre graveur en taille-douce; DIPLÔMES : Diplômée du CREAR 1992; ","post_code":85300,"city":"Challans","addr":"34, rue de la Poctière, ","cat":"OS","tel":"0251933802","email":"anne.villemin@hotmail.fr","web":"","suspect":1}
,{"id":2530,"lat":46.594025,"lng":-1.433009,"name":"ATELIER DE L'ÉBÈNE","txt":"SECTEUR : Tabletterie; SPÉCIALITÉ :  Mobilier et agencement contemporain; DIPLÔMES : CAP et Brevet de Maîtrise nen Ebénisterie, formation en marqueterie, Maître Artisan et Artisan Ebéniste de France; ","post_code":85310,"city":"Nesmy","addr":"Z.A.  le Chaillot, 85310 NESMY","cat":"OE","tel":"0251980809","email":"contact@atelier-ebene.com","web":"http://www.atelier-ebene.com","suspect":0}
,{"id":2531,"lat":46.727623,"lng":-2.353168,"name":"ATELIER DE L'ID","txt":"TYPE D'ACTIVITÉ : Création,Restauration,Tradition; SECTEUR :  Bois; SPÉCIALITÉ :  Restauration, fabrication de meubles et menuiserie en sièges de style.; DIPLÔMES : DMA ébénisterie puis menuiserie en sièges à l'école Boulle, cours de sculpture GRETA; ","post_code":85350,"city":"L'Île-d'Yeu","addr":"14, rue des Usines, 85350 l'Île d'Yeu","cat":"O0","tel":"0621872709","email":"damandryeu@hotmail.com","web":"","suspect":1}
,{"id":2533,"lat":46.457615,"lng":-0.786729,"name":"ATELIER DE LILI","txt":"TYPE D'ACTIVITÉ : Création,Restauration,Tradition; SECTEUR :  Décoration (tous matériaux); SPÉCIALITÉ :  Restauration et création ; DIPLÔMES : Beaux Arts et institut Guegan ; ","post_code":85200,"city":"Fontenay-le-Comte","addr":"5, allée du Pont Noget, 85200 Fontenay le comte","cat":"OE","tel":"0682692853","email":"vnaulleau@yahoo.fr","web":"","suspect":1}
,{"id":2542,"lat":46.46666,"lng":-0.801733,"name":"ATELIER ET COMPTOIR DU TAPISSIER","txt":"TYPE D'ACTIVITÉ : Création,Restauration,Tradition; SECTEUR :  Textile; SPÉCIALITÉ :  TAPISSIER – RESTAURATION TRADITIONNELLE  - COUTURE DECOR; DIPLÔMES : CAP TAPISSIER; ","post_code":85200,"city":"Fontenay-le-Comte","addr":"105 / 108 RUE DES LOGES, 85200 FONTENAY LE COMTE","cat":"OE","tel":"0251510882","email":"comptoir.du.tapissier@orange.fr","web":"http://www.lecomptoirdutapissier.fr","suspect":0}
,{"id":2550,"lat":46.5667,"lng":-0.634946,"name":"Atelier La Marteline","txt":"TYPE D'ACTIVITÉ : Création; SECTEUR :  Verre; SPÉCIALITÉ :  travail de la Dalle de Verre; DIPLÔMES : stages avec Verdiano Marzi et VL Deniau; ","post_code":85240,"city":"Marillet","addr":"24 rue Abbé Jean Gouraud, ","cat":"OV","tel":"0641682269","email":"sylvie_rebiffe@yahoo.fr","web":"http://www.mosaiquesnco.com","suspect":0}
,{"id":2573,"lat":46.89204,"lng":-1.843588,"name":"AWI AGENCE WEB & IMAGE","txt":"TYPE D'ACTIVITÉ : Création; SECTEUR :  Arts graphiques; SPÉCIALITÉ :  Création graphiques & artistiques tous supports; DIPLÔMES : CAP Photographe / Formation pro Infographie / Ecole Bellecour Lyon; ","post_code":85710,"city":"La Garnache","addr":"5, allée de la Voltière, 85710 LA GARNACHE","cat":"OS","tel":"0672441981","email":"blaudeau@gmail.com","web":"","suspect":0}
,{"id":2576,"lat":46.688652,"lng":-1.05044,"name":"BEAUTÉ INTÉRIEURE","txt":"TYPE D'ACTIVITÉ : Création; SECTEUR :  Textile; SPÉCIALITÉ :  Tapissier en vendée garniture traditionnelle; DIPLÔMES : CAP/BTM tapissier ; ","post_code":85110,"city":"Chantonnay","addr":"20 rue La Fontaine, ","cat":"OE","tel":"0251988591","email":"beauteinterieure@yahoo.fr","web":"http://sites.google.com/site/deniseguedon/","suspect":0}
,{"id":2577,"lat":46.489178,"lng":-1.768991,"name":"BIJOUX ET MERVEILLES","txt":"TYPE D'ACTIVITÉ : Création,Restauration,Tradition; SECTEUR :  Bijouterie-joaillerie-orfèvrerie-horlogerie; SPÉCIALITÉ :  Joaillerie; DIPLÔMES : CAP Joaillier; ","post_code":85100,"city":"Les Sables-d'Olonne","addr":"32 promenade Georges Godet, ","cat":"OB","tel":"0650921380","email":"bijouxetmerveilles@yahoo.fr","web":"","suspect":0}
,{"id":2587,"lat":46.479874,"lng":-1.75222,"name":"CHRISTINE FONDAIN LUTHIÈRE","txt":"TYPE D'ACTIVITÉ : Création,Restauration,Tradition; SECTEUR :  Facture instrumentale; SPÉCIALITÉ :  Restauration et fabrication; DIPLÔMES : Higher national diploma in musical instrument technology + 3 ans de stage chez un luthier; ","post_code":85180,"city":"Les Sables-d'Olonne","addr":"14, allée de brem La pironnière, 85180 le château d'olonne","cat":"O5","tel":"0680892833","email":"cfviolins@orange.fr","web":"","suspect":0}
,{"id":2598,"lat":46.871643,"lng":-1.948564,"name":"DÉCORS DANTAN","txt":"TYPE D'ACTIVITÉ : Restauration; SECTEUR :  Textile; SPÉCIALITÉ :  Réfection sièges; DIPLÔMES :  Réfection sièges; ","post_code":85300,"city":"Sallertaine","addr":"Les quatres moulins, ","cat":"OE","tel":"0251497628","email":"sarl-decors-dantan@wanadoo.fr","web":"","suspect":0}
,{"id":2600,"lat":46.466522,"lng":-0.769911,"name":"DELHUMEAU FRANÇOIS FACTEUR D'ORGUES","txt":"TYPE D'ACTIVITÉ : Création,Tradition; SECTEUR :  Facture instrumentale; SPÉCIALITÉ :  Construction d'orgues; DIPLÔMES : Bac E, BTS bureau d'étude construction mécanique, brevet de compagnon facteur d'orgues délivré par le Handwerkskammer de Hildesheim (Niedersachsen) Allemagne; ","post_code":85200,"city":"Fontenay-le-Comte","addr":"23 rue de l'Ecole, 85200 FONTENAY LE COMTE","cat":"O5","tel":"0251521540","email":"orgues.delhumeau@wanadoo.fr","web":"","suspect":0}
,{"id":2611,"lat":46.766644,"lng":-1.510455,"name":"EMMANUELLE BOUARD DORURE SUR BOIS","txt":"TYPE D'ACTIVITÉ : Restauration; SECTEUR :  Bois; SPÉCIALITÉ :  Restauration de bois dorés; DIPLÔMES : CAP Doreur Ornemaniste - Licence Arts Plastiques - BT Ameublement - CAP Menuisier; ","post_code":85170,"city":"Le Poiré-sur-Vie","addr":"11 Rue des Genôts, 85170 LE POIRE SUR VIE","cat":"O0","tel":"0626326613","email":"manu.bouard@neuf.fr","web":"http://www.bouard-dorure.fr","suspect":0}
,{"id":2612,"lat":46.739315,"lng":-1.615688,"name":"ENCADREMENT GALERIE SAINTE MARIE","txt":"TYPE D'ACTIVITÉ : Création,Tradition; SECTEUR :  Bois; SPÉCIALITÉ :  Encadrements créatifs; DIPLÔMES : 6 ans de pratique; ","post_code":85190,"city":"Aizenay","addr":"La Ferme Sainte-Marie, ","cat":"O0","tel":"0251948387","email":"lafermesaintemarie@wanadoo.fr","web":"http://cadresetbiseaux.canalblog.com/","suspect":0}
,{"id":2614,"lat":46.60939,"lng":-0.657311,"name":"ENTREPRISE MIGNET JOSEPH","txt":"TYPE D'ACTIVITÉ : Création,Restauration; SECTEUR :  Bois; SPÉCIALITÉ :  Restauration - escalier; DIPLÔMES :  Restauration - escalier; ","post_code":85120,"city":"Terval","addr":"La Papotière, 85120 LA CHAPELLE AUX LYS","cat":"O0","tel":"0251874575","email":"mignetmoc@wanadoo.fr","web":"","suspect":0}
,{"id":2623,"lat":46.439453,"lng":-1.546245,"name":"FERRONNERIE MAHIEU","txt":"TYPE D'ACTIVITÉ : Création,Restauration,Tradition; SECTEUR :  Métal; SPÉCIALITÉ :  Rampes d'escalier; DIPLÔMES : BAC F1; ","post_code":85520,"city":"Saint-Vincent-sur-Jard","addr":"la marzelle, 85520 Saint vincent sur jard","cat":"OF","tel":"0251336767","email":"dominique.mahieu@wanadoo.fr","web":"","suspect":1}
,{"id":2624,"lat":46.462334,"lng":-1.655372,"name":"FIGURINES D'ART ÉDITIONS VANOT","txt":"TYPE D'ACTIVITÉ : Création,Restauration; SECTEUR :  Arts mécaniques / jeux-jouets; SPÉCIALITÉ :  Création & Fabrication de Figurines Historique en Plomb; DIPLÔMES : 1er prix de gestion artisanale 1991; ","post_code":85440,"city":"Talmont-Saint-Hilaire","addr":"207, rue de la Dagoterie, 85440 Talmont Saint Hilaire","cat":"O0","tel":"0684690926","email":"patrick.vanot@free.fr","web":"http://figurinesvanot.com","suspect":0}
,{"id":2625,"lat":46.461285,"lng":-0.800357,"name":"FONDERIE MINIATURE","txt":"TYPE D'ACTIVITÉ : Création,Restauration,Tradition; SECTEUR :  Métal; SPÉCIALITÉ :  Tous les postes existants en fonderie de fonte.\n; DIPLÔMES : Formé dès l'âge de 14 ans à tous les postes en fonderie de fonte; ","post_code":85200,"city":"Fontenay-le-Comte","addr":"23 ter rue kleber, 85200 Fontenay le comte","cat":"OE","tel":"0675724237","email":"fonderieminiature@orange.fr","web":"http://fondeur.e-monsite.com","suspect":1}
,{"id":2632,"lat":46.85014,"lng":-1.888056,"name":"GÉRALD THIBAUD","txt":"TYPE D'ACTIVITÉ : Création; SECTEUR :  Cuir; SPÉCIALITÉ :  Chaussures sur mesure; DIPLÔMES : CAP Cordonnier/CAP Bottier/Compagnon du devoir; ","post_code":85300,"city":"Challans","addr":"89 bis, rue Carnot, ","cat":"HK","tel":"0251935520","email":"contact@gerald-thibaud.com","web":"http://www.gerald-thibaud.com","suspect":0}
,{"id":2633,"lat":46.716587,"lng":-1.969973,"name":"GLADYS DION","txt":"TYPE D'ACTIVITÉ : Création; SECTEUR :  Décoration (tous matériaux); SPÉCIALITÉ :  Mosaïste; DIPLÔMES : Autodidacte; ","post_code":85270,"city":"Saint-Hilaire-de-Riez","addr":"5 ter, rue de bel air, 85270 Saint Hilaire de Riez","cat":"OE","tel":"0670594632","email":"contact@gladys-mosaique.fr","web":"","suspect":1}
,{"id":2636,"lat":46.789917,"lng":-2.039116,"name":"GRENOUILLE-ART","txt":"TYPE D'ACTIVITÉ : Création; SECTEUR : Textile; SPÉCIALITÉ :  Peintre tous supports; DIPLÔMES : Bac F12 arts appliqués, CAP ébéniste; ","post_code":85160,"city":"Saint-Jean-de-Monts","addr":"99 rue des Sables, 85160 SAINT JEAN DE MONTS","cat":"OS","tel":"0658701158","email":"info@grenouille-art.fr","web":"","suspect":1}
,{"id":2646,"lat":46.41709,"lng":-0.694446,"name":"JULIEN LACHAUD EBENISTE CREATEUR","txt":"TYPE D'ACTIVITÉ : Création,Restauration,Tradition; SECTEUR :  Bois; SPÉCIALITÉ :  CrÃ©ation de mobilier; DIPLÔMES : CAP EbÃ©niste / Brevet Technicien de MaÃ®trise en EbÃ©nisterie; ","post_code":85240,"city":"Rives-d'Autise","addr":"54 bis rue de la Pajotiere, 85240 Nieul-sur-l'Autise","cat":"O0","tel":"0650172169","email":"ebenisterie.lachaud@orange.fr","web":"http://www.ebenisterie-lachaud.fr/","suspect":0}
,{"id":2649,"lat":46.874905,"lng":-1.947898,"name":"L'ATELIER DE TISSAGE","txt":"TYPE D'ACTIVITÉ : Création; SECTEUR :  Textile; SPÉCIALITÉ :  Artisan tisserand-feutrière, fabrication du fil; DIPLÔMES : Tissage-feutrage; ","post_code":85300,"city":"Sallertaine","addr":"402, route de Beauvoir, ","cat":"HT","tel":"0251350648","email":"cesam@free.fr","web":"","suspect":0}
,{"id":2654,"lat":46.67802,"lng":-1.431659,"name":"La Poche à Violons","txt":"TYPE D'ACTIVITÉ : Création,Restauration,Tradition; SECTEUR :  Facture instrumentale; SPÉCIALITÉ :  Fabrication de violons et pochettes (petits violons d'adulte) sur mesure; DIPLÔMES : Diplôme des Métiers d'Art - Luthier; ","post_code":85000,"city":"La Roche-sur-Yon","addr":"17 rue Jacques Cartier, 85000 LA ROCHE SUR YON","cat":"O5","tel":"0249852112","email":"lapocheaviolons@gmail.com","web":"","suspect":1}
,{"id":2656,"lat":46.706455,"lng":-1.611551,"name":"LA TERRE EST BLEUE","txt":"TYPE D'ACTIVITÉ : Création,Tradition; SECTEUR :  Terre; SPÉCIALITÉ :  Décor par application et engobage; DIPLÔMES : Maître artisan; ","post_code":85190,"city":"Beaulieu-sous-la-Roche","addr":"La cantardiere, 85190 Beaulieu sous la Roche","cat":"OQ","tel":"0637018512","email":"","web":"http://www.la.terre.est.bleue.fr","suspect":0}
,{"id":2662,"lat":47.023582,"lng":-2.250342,"name":"LE NEZ À LA FENÊTRE","txt":"TYPE D'ACTIVITÉ : Création; SECTEUR :  Textile; SPÉCIALITÉ :  Tisserande; DIPLÔMES : ***; ","post_code":85330,"city":"Noirmoutier-en-l'Île","addr":"2, rue du Four Commun Village du Vieil, 85330 Noirmoutier en l'Ile","cat":"HT","tel":"0251393383","email":"","web":"","suspect":0}
,{"id":2666,"lat":46.52137,"lng":-1.789488,"name":"les Arteliers","txt":"TYPE D'ACTIVITÉ : Création; SECTEUR :  Décoration (tous matériaux); SPÉCIALITÉ :  décoratrice en peinture sur porcelaine, méthode traditionnelle cuisson 850°; DIPLÔMES : Divers formations méthodes traditionnelles et techniques modernes; ","post_code":85340,"city":"Les Sables-d'Olonne","addr":"3 impasse des tadornes, 85340 Olonne-sur-Mer","cat":"OE","tel":"0648796987","email":"gabmanf@yahoo.fr","web":"","suspect":0}
,{"id":2667,"lat":46.62492,"lng":-1.657585,"name":"Les Arts Bijoutiers","txt":"TYPE D'ACTIVITÉ : Création; SECTEUR :  Bijouterie-joaillerie-orfèvrerie-horlogerie; SPÉCIALITÉ :  Création; DIPLÔMES : CAP bijouterie/joaillerie et CAP sertissage; ","post_code":85150,"city":"Saint-Georges-de-Pointindoux","addr":"18 rue du Coteau, ","cat":"OB","tel":"0664517573","email":"frederique.bonnamy@orange.fr","web":"","suspect":1}
,{"id":2668,"lat":46.79702,"lng":-1.906384,"name":"LES BOIS OUVRES","txt":"TYPE D'ACTIVITÉ : Création,Restauration; SECTEUR :  Bois; SPÉCIALITÉ :  Mobilier sur mesure; DIPLÔMES : Brevet de maitrise ébénisterie; ","post_code":85300,"city":"Soullans","addr":"25, chemin des Guignardières Le Grand Logis, ","cat":"O0","tel":"0251397293","email":"les-bois-ouvres-rambaud@wanadoo.fr","web":"","suspect":1}
,{"id":2672,"lat":46.721664,"lng":-1.559179,"name":"LES TERRES CUITES D'AIZENAY","txt":"TYPE D'ACTIVITÉ : Création,Restauration,Tradition; SECTEUR :  Métiers liés à l'architecture; SPÉCIALITÉ :  Carreaux de terre cuite, briques, tuiles; DIPLÔMES : Formation familiale; ","post_code":85190,"city":"Aizenay","addr":"La Gombretière ZI Les Blussières, 85190 AIZENAY","cat":"OM","tel":"0251946689","email":"terrescuitesdaizenay@free.fr","web":"http://www.terrescuitesdaizenay.com","suspect":0}
,{"id":2678,"lat":46.832794,"lng":-0.861178,"name":"Lucem Aurea","txt":"TYPE D'ACTIVITÉ : Création; SECTEUR :  Bijouterie-joaillerie-orfèvrerie-horlogerie; SPÉCIALITÉ :  sertissage; DIPLÔMES : CAP art et technique de la bijouterie joaillerie option bijouterie/joaillerie et option sertissage; ","post_code":85700,"city":"Sèvremont","addr":"31 B rue amiral alquier, 85700 la flocellière","cat":"OB","tel":"0641196136","email":"lucem.aurea@gmail.com","web":"","suspect":0}
,{"id":2679,"lat":46.677647,"lng":-1.420614,"name":"Ludijouet","txt":"TYPE D'ACTIVITÉ : Restauration,Tradition; SECTEUR :  Arts mécaniques / jeux-jouets; SPÉCIALITÉ :  Reproduction, restauration; DIPLÔMES : CAP menuisier, CAP ébéniste, DESM direction d'entreprise secteur des métiers diplôme de niveau 2 Université de nantes; ","post_code":85000,"city":"La Roche-sur-Yon","addr":"12 rue des Balkans, 85000 La Roche sur Yon","cat":"O0","tel":"0251377581","email":"contact@ludijouet.com","web":"http://www.ludijouet.com","suspect":0}
,{"id":2680,"lat":47.011658,"lng":-2.275439,"name":"LUDOVIC FRADET","txt":"TYPE D'ACTIVITÉ : Restauration; SECTEUR : Textile; SPÉCIALITÉ :  Restauration de meubles et tapissier d'ameublement. ; DIPLÔMES : BEP bois, CAP ébéniste, CAP tapissier d'ameublement, CAP marqueteur ; ","post_code":85330,"city":"Noirmoutier-en-l'Île","addr":"2a, chemin des chêvres, 85330 Noirmoutier","cat":"OE","tel":"0251358572","email":"sylviane20056@hotmail.fr","web":"","suspect":0}
,{"id":2695,"lat":46.70597,"lng":-1.029243,"name":"MINGUET","txt":"TYPE D'ACTIVITÉ : Création; SECTEUR :  Bois; SPÉCIALITÉ :  Statuaire et fresque monumentale; DIPLÔMES : CAP; ","post_code":85110,"city":"Chantonnay","addr":"2, rue des Tourelles, ","cat":"O0","tel":"0251469076","email":"contact@sculpture-minguet.com","web":"http://www.sculpture-minguet.com","suspect":0}
,{"id":2697,"lat":46.997444,"lng":-0.966741,"name":"MR ROY","txt":"TYPE D'ACTIVITÉ : Création,Restauration,Tradition; SECTEUR :  Métiers liés à l'architecture; SPÉCIALITÉ :  Fendeur de latte de châtaignier; DIPLÔMES : CAP Charpentier; ","post_code":85290,"city":"Mortagne-sur-Sèvre","addr":"Route du Longeron Evrunes, 85290 Mortagne Sur Sèvre","cat":"OM","tel":"0672373638","email":"christopheroy25@wanadoo.fr","web":"","suspect":1}
,{"id":2698,"lat":46.908672,"lng":-1.142759,"name":"Nathalie Peltier","txt":"TYPE D'ACTIVITÉ : Création,Restauration,Tradition; SECTEUR : Métal; SPÉCIALITÉ :  dorure; DIPLÔMES : CAP Doreur Ornemaniste; ","post_code":85130,"city":"Bazoges-en-Paillers","addr":"11 chemin des vignes, 85130 Bazoges en Paillers","cat":"OE","tel":"33638397522","email":"kenzollie.art@gmail.com","web":"","suspect":1}
,{"id":2719,"lat":47.002327,"lng":-2.24627,"name":"SANDALES COTE MER","txt":"TYPE D'ACTIVITÉ : Création; SECTEUR :  Cuir; SPÉCIALITÉ :  Fabrication traditionnelle à la main de sandales cuir. ; DIPLÔMES : Stage AFPIC Professionnel depuis 25 ans; ","post_code":85330,"city":"Noirmoutier-en-l'Île","addr":"9, rue Richer, 85330 NOIRMOUTIER EN L'ILE","cat":"HK","tel":"0608898044","email":"sandalescotemer@orange.fr","web":"","suspect":0}
,{"id":2722,"lat":46.817425,"lng":-1.769313,"name":"SARL BONNIN-DUGUE","txt":"TYPE D'ACTIVITÉ : Restauration; SECTEUR :  Décoration (tous matériaux); SPÉCIALITÉ :  Plâtrier - staffeur - plaquiste; DIPLÔMES : BM plâtrerie, Tour de France compagnons du devoir pendant 10 ans; ","post_code":85670,"city":"Saint-Christophe-du-Ligneron","addr":"4, chemin de la Mérandoire, 85670 Saint Christophe du Ligneron","cat":"OE","tel":"0611272967","email":"contact@bonnin-dugue.fr","web":"http://www.bonnin-dugue.fr","suspect":0}
,{"id":2724,"lat":46.846676,"lng":-1.881549,"name":"SARL ENORA","txt":"TYPE D'ACTIVITÉ : Création,Restauration,Tradition; SECTEUR :  Bijouterie-joaillerie-orfèvrerie-horlogerie; SPÉCIALITÉ :  Bijoutier et joaillier.; DIPLÔMES : CAP; ","post_code":85300,"city":"Challans","addr":"32, rue Carnot, ","cat":"OB","tel":"0251350921","email":"joailliers-createurs@libertysurf.fr","web":"","suspect":1}
,{"id":2733,"lat":46.934273,"lng":-1.514198,"name":"SCULPTURE NAJEAN","txt":"TYPE D'ACTIVITÉ : Création; SECTEUR :  Bois; SPÉCIALITÉ :  Maîtrise de la technique du collage du bois pour la réalisation de sculptures; DIPLÔMES : Autodidacte; ","post_code":85620,"city":"Rocheservière","addr":"2 rue de la Touche, 85620 Rocheserviere","cat":"O0","tel":"0681902308","email":"jean-pascal.najean@wanadoo.fr","web":"http://www.najean-sculpture.odexpo.com","suspect":0}
,{"id":2734,"lat":46.448914,"lng":-1.629765,"name":"SCULPTURES VÉGÉTALES - BOIS PEINTS","txt":"TYPE D'ACTIVITÉ : Création; SECTEUR :  Bois; SPÉCIALITÉ :  Travail des formes et des couleurs sur support végétal.; DIPLÔMES : BEPC & Formation autodidacte ; ","post_code":85440,"city":"Talmont-Saint-Hilaire","addr":"459, rue de la Bourie  La Guittière, ","cat":"O0","tel":"0251960236","email":"cath.cousseau@yahoo.fr","web":"","suspect":0}
,{"id":2740,"lat":46.93749,"lng":-1.50784,"name":"TERRE EN FEU 85","txt":"TYPE D'ACTIVITÉ : Création; SECTEUR :  Terre; SPÉCIALITÉ :  Cuisson primitive et Raku; DIPLÔMES : formation de céramique-Fuilet; ","post_code":85620,"city":"Rocheservière","addr":"9, rue de la charmille, 85620 RocheserviÃ¨re","cat":"OQ","tel":"0251949390","email":"terreenfeu@dbmail.com","web":"http://www.roselynemontassiercormier.odexpo.com","suspect":0}
,{"id":2748,"lat":46.750072,"lng":-1.740666,"name":"VERRE CURIEUX","txt":"TYPE D'ACTIVITÉ : Création,Restauration; SECTEUR :  Verre; SPÉCIALITÉ :  création; DIPLÔMES : Bac, CAP vitrailliste ; ","post_code":85220,"city":"Apremont","addr":"27 Rue Docteur Dorion Place du Château, ","cat":"OV","tel":"0632931828","email":"verre.curieux@gmail.com","web":"http://www.verre-curieux.com","suspect":0}
,{"id":2750,"lat":46.68961,"lng":-1.901608,"name":"VERSION INOX","txt":"TYPE D'ACTIVITÉ : Création,Restauration,Tradition; SECTEUR :  Métal; SPÉCIALITÉ :  travaille de l'inox ; DIPLÔMES : CAP - METALLIER SERRURIER FERRONNIER D'ART- BREVET PRO DE CHAUDRONNIER TRACEUR; ","post_code":85800,"city":"Saint-Gilles-Croix-de-Vie","addr":"34 RUE DES COUVREURS ZI DE LA BEGAUDIERE, ","cat":"OF","tel":"0616112949","email":"version.inox@akeonet.com","web":"","suspect":1}
,{"id":2751,"lat":47.01352,"lng":-1.115716,"name":"WWW.TEREBENTHINE.COM","txt":"TYPE D'ACTIVITÉ : Création; SECTEUR :  Arts graphiques; SPÉCIALITÉ :  Travail respectant les techniques historiques (en ce qui concerne l'enluminure), suivant la charte de travail www.enluminure.info; DIPLÔMES : Diplômée de la Faculté des Sciences  (chimie, biologie, géologie) - Beaux-Arts en cours du soir; ","post_code":85130,"city":"Tiffauges","addr":"2, Grande rue, ","cat":"OS","tel":"0251657083","email":"","web":"http://www.terebenthine.com","suspect":0}
,{"id":10379,"lat":46.66459,"lng":-1.1046093,"name":"Spiruline Atoufred","txt":"Vendée algues ,spiruline 100% Vendée artisanal","post_code":85110,"city":"L'Angle","addr":" Rue des grands ormeaux","cat":"A","tel":"33610670261","email":"spirulineatoufred@gmail.com","web":"","suspect":0}
,{"id":12793,"lat":46.998707,"lng":-2.244963,"name":"SARL CHANTIER DES ILEAUX","txt":"univers de marché: Nautisme; effectifs: 8","post_code":85330,"city":"Noirmoutier-en-l'Île","addr":"Rue de l'Ecluse ,        85330 NOIRMOUTIER EN L'ILE France","cat":"_","tel":null,"email":"","web":"","suspect":0}
,{"id":10345,"lat":46.681427,"lng":-1.441362,"name":"Ma Product’Yon Locale","txt":"Spécialités : Affiliation :  Réseau Bienvenue à la Ferme En adhérant au réseau, les agriculteurs s’engagent à respecter les chartes de qualité Bienvenue à la Ferme et vous garantissent ainsi la qualité de leurs prestations touristiques et agricoles.Ce magasin de producteurs a été initié par un petit groupe de 9 agriculteurs qui ont des productions différentes mais complémentaires. Leur offre est étoffée par les produits en dépôt vente de nombreux autres producteurs.. Spécialités : Confiture de sureau - Bière Trompe Souris -  Boudin blanc - Foie gras de canard - Cosmétiques au lait d’anesse - Caramel au beurre salé","post_code":85000,"city":"La Roche-sur-Yon","addr":"13 rue d’Aizenay ","cat":"AG","tel":"0228975835","email":"","web":"","suspect":1}
,{"id":10346,"lat":46.998737,"lng":-1.279445,"name":"Magasin des Fermes de La Gourinière","txt":"Chaque semaine, le magasin des fermes de la Gourinière vous propose les produits récoltés et élevés dans notre village : volailles en plein-air, porc et charcuterie, viande bovine légumes.... ","post_code":85600,"city":"Treize-Septiers","addr":"La Gourinière ","cat":"AG","tel":"0228159409","email":"","web":"http://www.lagouriniere.fr","suspect":0}
,{"id":10491,"lat":46.68914,"lng":-1.8481917,"name":"La Roseraie de Vendée","txt":"Vente de Confiture et sirop à base de rose. Et visite d'un jardin botanique","post_code":85220,"city":"Saint-Révérend","addr":" La Maubretière d'en Bas","cat":"A","tel":"0251552403","email":"laroseraiedevendee@wanadoo.fr","web":"http://www.laroseraiedevendee.fr/","suspect":0}
,{"id":10898,"lat":46.93709,"lng":-1.482918,"name":"La ferme des Coquelicots","txt":"Nous sommes agriculteur depuis 1982 , notre exploitation aujourd’hui est d’ une centaine d’ hectares avec beaucoup de zone humide que nous avons gardé en l’ état .","post_code":85620,"city":"Rocheservière","addr":"3 la maison neuve","cat":"A","tel":"0603274078","email":"la-ferme-des-coquelicots@orange.fr","web":"","suspect":0}
,{"id":10899,"lat":47.01219,"lng":-1.133947,"name":"GAEC LE PREVERGER","txt":"Morgane et Frédéric THOMAS","post_code":85530,"city":"La Bruffière","addr":"1 le verger","cat":"A","tel":"0251469160063032","email":"lepreverger@yahoo.com","web":"","suspect":0}
,{"id":10923,"lat":46.90791,"lng":-1.289974,"name":"Marie Françoise Gilbert","txt":"Dans une démarche conforme aux principes des AMAP, Marie Françoise et Bruno vous proposent du pain au levain pur issu de céréales cultivées en Agriculture Biologique (Contrôle Ecocert).","post_code":85250,"city":"Chavagnes-en-Paillers","addr":"2 bellevue","cat":"A","tel":"0251422814","email":"bruno.grollier@wanadoo.fr","web":"","suspect":0}
,{"id":10927,"lat":46.98456,"lng":-2.278274,"name":"Les Salines de Thierry","txt":"Je participe aussi,  à un programme d’accueil du public en été : je propose toute les semaines une sortie découverte « du métier à la biodiversité ». Le marais est donc ouvert à tous ceux qui souhaitent mieux se rendre compte de comment tourne une exploitation salicole, comment se recolte le sel et la fleur de sel, comment se prépare le marais longtemps en amont de la récolte…","post_code":85740,"city":"L'Épine","addr":"3 Rue nicolas venereau","cat":"A","tel":"0228108855","email":"lescholleaux@free.fr","web":"","suspect":0}
,{"id":10942,"lat":47.062664,"lng":-1.279511,"name":"EARL Lemée – Verger du petit coubrenier","txt":"Présent dans magasin Biocat à Gétigné \nrestauration collective via Manger Bio 85","post_code":85610,"city":"Cugand","addr":"2 le petit coubrenier","cat":"A","tel":"0663077443","email":"audrey.lemee@voila.fr","web":"","suspect":1}
,{"id":10944,"lat":46.8821,"lng":-1.329584,"name":"Pascal Brochard","txt":"Pour avoir des informations détaillées sur notre méthode sans labour, veuillez contacter par téléphone la Ferme BIO Brochard  au  02 52 16 09 22","post_code":85260,"city":"Les Brouzils","addr":"1 la bedoutiere","cat":"A","tel":"0252160922","email":"contact@ferme-bio-brochard.fr","web":"","suspect":0}
,{"id":10950,"lat":46.688816,"lng":-0.990142,"name":"Ferme de la Loquerie","txt":"LA COMMERCIALISATION est exclusivement faite directement au consommateur (AMAP, marchés, mailing-livraison, …)","post_code":85110,"city":"Chantonnay","addr":"1655 la loquerie","cat":"A","tel":"0251062504","email":"fermedelaloquerie85@orange.fr","web":"","suspect":0}
,{"id":10952,"lat":46.967144,"lng":-1.991543,"name":"ferme de lՔle Sauvage","txt":"Eric PAIRE","post_code":85230,"city":"Bouin","addr":"1 Le Jaunay","cat":"A","tel":"0627653699","email":"fermeauberge85@yahoo.fr","web":"","suspect":0}
,{"id":10966,"lat":46.93623,"lng":-2.004774,"name":"Brigitte et Robert GEAY","txt":"En Agriculture Biologique depuis 1981 \nVente directe à la ferme \nProduits proposés: \n– Poulets \n– Pintades \n– Canettes \n– Veau   par caissette assortiment de 5kg \n– Boeuf  par caissette assortiment de 5kg","post_code":85230,"city":"Saint-Gervais","addr":"26 Chemin des Gâts","cat":"A","tel":"0228100703066359","email":"robert.geay@laposte.net","web":"","suspect":0}
,{"id":10981,"lat":46.665173,"lng":-1.121487,"name":"Franck SEILLER","txt":"Franck Seiller fait du fromage de chèvre depuis 2009 à Chantonnay, sur une surface de 12,5 hectares en bio. \nIl possède 30 chèvres laitières, élevées sur une base alimentaire de pâturage. \nL’hiver Franck leur distribue des betteraves fourragères et du foin. \nLes céréales sont achetées chez un voisin qui est en bio. \nIl propose 3 sortes de fromages frais, demi sec et sec","post_code":85110,"city":"Chantonnay","addr":"3 l'angle lucon","cat":"A","tel":null,"email":"","web":"","suspect":0}
,{"id":10982,"lat":46.889534,"lng":-1.347827,"name":"Safran Vendée","txt":"Mireille Aumont cultive le Safran aux Brouzils en Vendée","post_code":85260,"city":"Les Brouzils","addr":"17 la sauvetrière","cat":"A","tel":"0683515711","email":"safran-vendee@gmail.com","web":"","suspect":1}
,{"id":10995,"lat":46.897106,"lng":-1.256868,"name":"Tancrède de Guerry","txt":"PARRAINAGE avec Mathieu et Sandra GILBERT , maraicher en contrat AMAP depuis 2007","post_code":85250,"city":"Chavagnes-en-Paillers","addr":"5 l euliere","cat":"A","tel":"0609728459","email":"tancrede.deguerry@gmail.com","web":"","suspect":0}
,{"id":11023,"lat":46.716885,"lng":-0.952361,"name":"GAEC des 2 coeurs","txt":"Huile de tournesol et de colza. \nFarine de blé, d’épeautre et de sarazin","post_code":85110,"city":"Monsireigne","addr":"2 le vigneau","cat":"A","tel":"0251664725","email":"gbriffaud@hotmail.fr","web":"","suspect":0}
,{"id":11024,"lat":46.77328,"lng":-1.394115,"name":"L’Ami du Pain","txt":"Après la boulange, je fais mes tournées. et je craind la marée chaussée, car à Dompierre elle à l’oeil si vous ne mettez pas votre ceinture. Mais heureusement, avec l’odeur du bon pain chaud, tout peu s’arranger, « bon pour cette fois si ça ira mais prenez garde ».","post_code":85170,"city":"Dompierre-sur-Yon","addr":"11 constantine","cat":"A","tel":"0251412966","email":"bemilcent@laposte.net","web":"","suspect":0}
,{"id":11030,"lat":46.846794,"lng":-1.615309,"name":"SERRIER Philippe","txt":"Agriculture biologique; Produits : Légumes; ","post_code":85670,"city":"Saint-Étienne-du-Bois","addr":"8 la galerie","cat":"A","tel":"0228975774","email":"philippeserrier@orange.fr","web":"","suspect":0}
,{"id":11035,"lat":46.839066,"lng":-1.443982,"name":"Ferme des grands chênes","txt":"Agriculture biologique; Vente à la ferme; Produits : Légumes; ","post_code":85170,"city":"Les Lucs-sur-Boulogne","addr":"2 virginie","cat":"A","tel":"0620328178","email":"dominique-sauvetre@wanadoo.fr","web":"","suspect":0}
,{"id":12789,"lat":46.790573,"lng":-0.925176,"name":"Sylvaplak","txt":"univers de marché: Mobilier; effectifs: 16","post_code":85510,"city":"Le Boupère","addr":"20 rue Maréchal Leclerc ,        85510 LE BOUPERE France","cat":"_","tel":null,"email":"","web":"","suspect":0}
,{"id":11992,"lat":46.655,"lng":-0.735294,"name":"SCI DU CHATEAU RAUZAN-GASSIES","txt":"Culture de la vigne (01.21Z)","post_code":85120,"city":"Terval","addr":"110 Rue de la fondanière","cat":"A","tel":null,"email":"","web":"","suspect":0}
,{"id":12015,"lat":46.996662,"lng":-0.946147,"name":"MAFTA (DUVIVIER)","txt":"Fabrication de matelas (31.03Z)","post_code":85290,"city":"Mortagne-sur-Sèvre","addr":"9 Rue des chardonnerets","cat":"O0","tel":null,"email":"","web":"","suspect":0}
,{"id":12146,"lat":46.97447,"lng":-1.052055,"name":"ETABLISSEMENTS AUVINET","txt":"Fabrication de vêtements de dessus (14.13Z)","post_code":85130,"city":"Saint-Martin-des-Tilleuls","addr":"3 Rue des camélias","cat":"OB","tel":null,"email":"","web":"","suspect":0}
,{"id":12152,"lat":46.45066,"lng":-0.79727,"name":"MAISON MARIE PIRSCH","txt":"Fabrication de vêtements de dessus (14.13Z)","post_code":85200,"city":"Fontenay-le-Comte","addr":"71 Boulevard des champs marots","cat":"OB","tel":null,"email":"","web":"","suspect":0}
,{"id":12301,"lat":46.92578,"lng":-0.844938,"name":"BELLES ROCHES COUTURE","txt":"Fabrication de vêtements de dessus","post_code":85590,"city":"Treize-Vents","addr":"4 Rue de l'Etang","cat":"OB","tel":null,"email":"","web":"","suspect":0}
,{"id":12355,"lat":46.826202,"lng":-1.122067,"name":"ETABLISSEMENTS BAIZET SA","txt":"Fabrication de vêtements de dessus (14.13Z)","post_code":85250,"city":"Vendrennes","addr":"8 Route de l'Océan","cat":"OB","tel":null,"email":"","web":"","suspect":0}
,{"id":12366,"lat":46.857445,"lng":-1.866371,"name":"ENT. PERAUDEAU-DURBECQ","txt":"Travaux de menuiserie métallique et serrurerie (43.32B)","post_code":85300,"city":"Challans","addr":"10 Rue des artisans","cat":"OU","tel":null,"email":"","web":"","suspect":0}
,{"id":12397,"lat":46.99922,"lng":-2.246369,"name":"Chantier des Ileaux Sarl","txt":"Réparation et maintenance navale (33.15Z)","post_code":85330,"city":"Noirmoutier-en-l'Île","addr":"4 Rue de l'Écluse","cat":"OU","tel":null,"email":"","web":"","suspect":0}
,{"id":12402,"lat":46.666275,"lng":-1.352121,"name":"ELOI SELLERIE","txt":"Fabrication d’autres meubles et industries connexes de l’ameublement (31.09B)","post_code":85000,"city":"La Roche-sur-Yon","addr":"Impasse louis-marie barbarit","cat":"O0","tel":null,"email":"","web":"","suspect":0}
,{"id":12409,"lat":46.438583,"lng":-0.826025,"name":"CULTURE D'OBJET","txt":"Fabrication de meubles de bureau et de magasin (31.01Z)","post_code":85200,"city":"Fontenay-le-Comte","addr":"32 Rue ferchault de réaumur","cat":"O0","tel":null,"email":"","web":"","suspect":0}
,{"id":12433,"lat":47.006046,"lng":-1.102505,"name":"AM FACONS","txt":"Fabrication de vêtements de dessus","post_code":85130,"city":"Tiffauges","addr":"5 Route de la gaubretière","cat":"OB","tel":null,"email":"","web":"","suspect":0}
,{"id":12604,"lat":46.69021,"lng":-1.905782,"name":"NV EQUIPMENT","txt":"Fabrication d’articles textiles, sauf habillement (13.92Z)","post_code":85800,"city":"Saint-Gilles-Croix-de-Vie","addr":"Rue des électriciens","cat":"OU","tel":null,"email":"","web":"","suspect":0}
,{"id":12657,"lat":46.467937,"lng":-0.821024,"name":"CHAPELLERIE DANDURAND & FILS","txt":"Fabrication d’autres vêtements et accessoires (14.19Z)","post_code":85200,"city":"Fontenay-le-Comte","addr":"69bis Rue rabelais","cat":"OB","tel":null,"email":"","web":"","suspect":0}
,{"id":12705,"lat":46.978287,"lng":-1.155056,"name":"FORGE ESNAULT SARL","txt":"Fabrication de coutellerie (25.71Z)","post_code":85130,"city":"Les Landes-Genusson","addr":"14 Route de saint-symphorien","cat":"OQ","tel":null,"email":"","web":"","suspect":0}
,{"id":12845,"lat":46.766712,"lng":-1.504699,"name":"Bernard AUBERTIN","txt":"domaine d'activité: Commerce à destination du consommateur particulier (B2C); effectifs: 1","post_code":85170,"city":"Le Poiré-sur-Vie","addr":"5 rue de l'Eglise (ancien prieuré) ,        39700  France","cat":"_","tel":null,"email":"mail@bernardaubertin.org","web":"","suspect":0}
,{"id":2571,"lat":46.67605,"lng":-1.610635,"name":"Aurore Thuault","txt":"TYPE D'ACTIVITÉ : Création; SECTEUR : Textile; SPÉCIALITÉ :  Broderie d'art, détournement de matières; DIPLÔMES : BMA Broderie main, CAP broderie main; ","post_code":85190,"city":"Beaulieu-sous-la-Roche","addr":"1 rue des Sables Cour des Arts, 85190 Beaulieu sous la Roche","cat":"OE","tel":"0674553340","email":"aurorethuault@hotmail.com","web":"","suspect":0}
,{"id":2618,"lat":46.854298,"lng":-1.178875,"name":"EURL FAME'FLO FLORIE LINGERIE","txt":"TYPE D'ACTIVITÉ : Création,Restauration; SECTEUR :  Textile; SPÉCIALITÉ :  Broderie-décor maison: chemin de table, rideaux, coussins, canapé + retouches vêtements; DIPLÔMES : BEP Habillement Vente et Retouches en 1979; ","post_code":85250,"city":"Saint-Fulgent","addr":"95 ter, rue nationale, 85250 SAINT-FULGENT","cat":"HD","tel":"0228159722","email":"florence_moreau@hotmail.fr","web":"https://www.facebook.com/p/Florie-Lingerie-100054536615696/?paipv=0&eav=AfYJwupTtOjwGpBJGAm0UwIpBymGhKbFFIzC-PEeCzGBw4Ug-CoZp4SXqD_FL0DZmCc&_rdr","suspect":0}
,{"id":2673,"lat":46.911896,"lng":-2.031335,"name":"LES TREMIÈRES","txt":"TYPE D'ACTIVITÉ : Création,Restauration; SECTEUR : Décoration (tous matériaux); SPÉCIALITÉ :  Artiste-Peintre-Décorateur, enseignement des disciplines; DIPLÔMES :  Artiste-Peintre-Décorateur, enseignement des disciplines; ","post_code":85230,"city":"Beauvoir-sur-Mer","addr":"16, chemin de la Grande filée, 85230 Beauvoir sur Mer","cat":"OS","tel":"0612765162","email":"alv.les.tremieres@free.fr","web":"","suspect":1}
,{"id":2689,"lat":46.93734,"lng":-1.886283,"name":"MARJORIE G. CREATION","txt":"TYPE D'ACTIVITÉ : Création,Tradition; SECTEUR :  Mode; SPÉCIALITÉ :  Robe de mariée corset\n\n«Inscrit à l’Inventaire des Métiers d’Art Rares»; DIPLÔMES : Brevet de Technicien Vêtement Mesure et Création; ","post_code":85710,"city":"Bois-de-Céné","addr":"3, rue Jan et Joël Martel, 85710 BOIS DE CENE","cat":"OE","tel":"0675757974","email":"marjorieg.creation@hotmail.fr","web":"http://marjorieg.canalblog.com","suspect":0}
,{"id":2708,"lat":46.859596,"lng":-1.960031,"name":"Remise en Scène Galerie","txt":"TYPE D'ACTIVITÉ : Création; SECTEUR : Décoration (tous matériaux); SPÉCIALITÉ :  Peintre en décor - Scénographe. Création de panneaux tridimentionnels, et détournement de matière (papier, béton)); DIPLÔMES : Peintre en décors / arts décoratifs - mur'dec nantes; ","post_code":85300,"city":"Sallertaine","addr":"13, place de la Liberté, ","cat":"OE","tel":"0687558975","email":"chapuiserge@gmail.com","web":"","suspect":0}
,{"id":10933,"lat":46.884304,"lng":-1.259111,"name":"EARL SANDRA ET MATTHIEU GILBERT","txt":"Matthieu et le bio c’est une histoire de famille qui a commencé en 1977. Son père a fertilisées des terres en friches pour les rendre cultivables dans le plus grand respect du bio. En  1997 Matthieu vient  aider aux semis, à la plantation et au ramassage, puis s’attelle à la mise en place des cultures et à la préparation des terrains puis enfin à la vente de la production au départ de son père. En 2001 Matthieu arrête tout pour préparer un Brevet professionnel responsable d’Exploitation Agricole en Agriculture Biologique. En 2003 il s’installe à nouveau sur 11,7 ha  répartis sur 2 parcelles où il cultive légumes et céréales toujours en bio. Sur ses terres sur lesquelles se trouvent 2 grands chênes de plus de 400 ans et 10 d’environ 150 ans d’où le nom de l’AMAP. Jusqu’alors Matthieu vendait principalement au MIN et à l’entreprise MARAIS. \nEn 2007, il est interpellé par Marie Françoise et Bruno GILBERT par le principe des AMAP et la démarche juste prix producteur/ consommateur","post_code":85250,"city":"Chavagnes-en-Paillers","addr":"6 la dodinière","cat":"A","tel":"0610835331","email":"matthieugilbert@msn.com","web":"","suspect":0}
,{"id":10938,"lat":46.925106,"lng":-1.411685,"name":"Ferme du Pay","txt":"Les brebis de la ferme sont nourries principalement à l’herbe et au foin, avec un complément de céréales et de protéagineux produits sur l’exploitation. \nLa plupart du temps, elles sont à pâturer dans les prairies de la ferme. Elles sont en bergerie durant trois mois d’hiver, de décembre à février. La ferme dispose de bergeries avec une litière en paille sur deux sites : au Pay et au Pavillon (Vieillevigne). Le troupeau se compose de brebis de races vendéenne et charmoise. Ces deux races de moutons à viande ont chacune leurs particularités. La race vendéenne est reconnue pour être maternelle avec ses agneaux, et la race charmoise peut être dessaisonnée naturellement. Les naissances ont principalement lieu l’hiver. Les agneaux sont sevrés au bout de 2,5 mois puis abattus à 6 mois. Le dessaisonnement des charmoises permet à la ferme de proposer des agneaux tout au long de l’année. Toutes les deux semaines, il est possible de commander des colis de quart ou demi-agneaux. De plus, 2 à 3 fois par an, il est propos","post_code":85260,"city":"Montréverd","addr":"2 le pay","cat":"A","tel":"0251428959","email":"gratton.dominique@wanadoo.fr","web":"","suspect":0}
,{"id":280,"lat":46.744545,"lng":-1.114478,"name":"le chèvre de sainte cécile/earl chevr'o'lait","txt":"Fromages de chèvre fermiers :\n- frais : nature ou aromatisés (papaye, figues, échalotes, ail et fines herbes, poivrons et poivre)\n- affinés : palets de différentes taille, bûchette cendrée ou non, crottins \n- fromage blanc de chèvre et faisselles\n- confiture de lait de chèvre","post_code":85110,"city":"Sainte-Cécile","addr":"La Raudière","cat":"AL","tel":"0667052769","email":"lechevredestececile@orange.fr","web":"https://www.facebook.com/lechevredestececile","suspect":0}
,{"id":12917,"lat":46.60208,"lng":-0.722374,"name":"Chonchons & Cie","txt":"Élevage familial de cochon Kune-Kune","post_code":85120,"city":"Saint-Maurice-des-Noues","addr":"","cat":"AV","tel":"0630785259","email":"anais.engloo@gmail.com","web":"","suspect":0}
,{"id":2729,"lat":46.830814,"lng":-0.863694,"name":"SARL TONNELLERIE MANCEAU","txt":"TYPE D'ACTIVITÉ : Création,Restauration,Tradition; SECTEUR :  Arts et traditions populaires; SPÉCIALITÉ :  Tonnellerie; DIPLÔMES : CAP tonnelier; ","post_code":85700,"city":"Sèvremont","addr":"24, rue des olivettes, 85700 La Flocellière","cat":"OM","tel":"0251572687","email":"contact@tonnellerie-manceau.fr","web":"https://www.tonnellerie-manceau.fr/","suspect":0}
]}