{"id":22,"producers":[
{"id":104,"lat":48.21352,"lng":-3.01325,"name":"LES VERGERS DE GUERLEDAN","txt":"Vente de poires et pommes de table (4 variétés de poires et 19 variétés de pommes)","post_code":22530,"city":"Guerlédan","addr":"x","cat":"AF","tel":"0296263218","email":"ratchristelle@yahoo.fr","web":"https://gite-guerledan-lesvergers.fr","suspect":0}
,{"id":107,"lat":48.40478,"lng":-2.199265,"name":"La ferme Kabocha","txt":"Maraîcher.","post_code":22,"city":null,"addr":null,"cat":"AM","tel":"0631541474","email":"","web":"https://www.lafermekabocha.bzh/","suspect":0}
,{"id":108,"lat":48.42302,"lng":-2.143056,"name":"La ferme de Saint-Daniel","txt":"Herbes et Epices.","post_code":22,"city":null,"addr":null,"cat":"AX","tel":"0613110431","email":null,"web":"https://lafermedesaintdaniel.com/","suspect":0}
,{"id":110,"lat":48.553284,"lng":-2.554756,"name":"Cidrerie de La Baie","txt":"Producteur-récoltant de cidre, jus de pomme, apéritif, digestif, gelées et vinaigre","post_code":22,"city":null,"addr":null,"cat":"AF","tel":"0296938982","email":null,"web":"https://www.cidrerie-delabaie.com/","suspect":0}
,{"id":111,"lat":48.630848,"lng":-2.321451,"name":"Huîtres Brassées Mer ","txt":"Producteur d'huîtres creuses de Fréhel","post_code":22,"city":null,"addr":null,"cat":"AP","tel":null,"email":null,"web":"","suspect":0}
,{"id":112,"lat":48.619587,"lng":-2.435773,"name":"Nicolas Nonnet","txt":"producteur d’huîtres de Fréhel médaillé d’or","post_code":22,"city":null,"addr":null,"cat":"AP","tel":null,"email":null,"web":"","suspect":0}
,{"id":113,"lat":48.6193,"lng":-2.439249,"name":"ARMEMENT NAZADO","txt":"Vente en direct du poisson dès le retour de peche","post_code":22,"city":null,"addr":null,"cat":"AP","tel":null,"email":"","web":"","suspect":0}
,{"id":114,"lat":48.63642,"lng":-2.469508,"name":"Bateau l’intrepide ","txt":"vente de coquillages et crustacés en direct","post_code":22,"city":null,"addr":null,"cat":"AP","tel":null,"email":null,"web":"","suspect":0}
,{"id":115,"lat":48.61925,"lng":-2.438679,"name":"Entreprise Erhel","txt":"poissons, coquillages et crustacés en direct du pêcheur","post_code":22,"city":null,"addr":null,"cat":"AP","tel":null,"email":null,"web":"","suspect":0}
,{"id":116,"lat":48.43963,"lng":-2.459969,"name":"CIDRERIE KERLOICK","txt":"cidres & jus de pomme biologiques, Producteur-Récoltant","post_code":22,"city":null,"addr":null,"cat":"AF","tel":null,"email":null,"web":"","suspect":0}
,{"id":117,"lat":48.53102,"lng":-2.530076,"name":"Cidrerie Benoit","txt":"cidres, eaux de vie, jus de pomme","post_code":22,"city":null,"addr":null,"cat":"AF","tel":null,"email":null,"web":"","suspect":0}
,{"id":118,"lat":48.576916,"lng":-2.566682,"name":"Melle Sophie ","txt":"vin immergé en eau de mer","post_code":22,"city":null,"addr":null,"cat":"AF","tel":null,"email":null,"web":"","suspect":0}
,{"id":119,"lat":48.445568,"lng":-2.643872,"name":"Microbrasserie Dimezell","txt":"Bière artisanale sur place ou à offrir","post_code":22,"city":null,"addr":null,"cat":"AF","tel":null,"email":null,"web":"","suspect":0}
,{"id":120,"lat":48.326862,"lng":-2.441623,"name":"MicroBrasserie LA FRINGALE","txt":"Bière artisanale","post_code":22,"city":null,"addr":null,"cat":"AF","tel":null,"email":null,"web":"","suspect":0}
,{"id":121,"lat":48.445587,"lng":-2.643936,"name":"Microbrasserie Dimezell","txt":"Bière artisanale sur place ou à offrir. Ateliers brassage pour faire sa bière.","post_code":22,"city":null,"addr":null,"cat":"AF","tel":null,"email":null,"web":"","suspect":0}
,{"id":122,"lat":48.5663,"lng":-2.546811,"name":"Biscuiterie de la Côte d’Émeraude","txt":" Caramel au beurre salé, gavottes et autres kouign amann ","post_code":22,"city":null,"addr":null,"cat":"AX","tel":null,"email":null,"web":"","suspect":0}
,{"id":123,"lat":48.473133,"lng":-2.456269,"name":"Ferme de la Mare","txt":"Élevage de porcs sur paille. Viandes et charcuteries ainsi que fromages, produits laitiers, légumes,","post_code":22,"city":null,"addr":null,"cat":"A2","tel":null,"email":null,"web":"","suspect":0}
,{"id":124,"lat":48.569756,"lng":-2.548849,"name":"Fromagerie du Vaumadeuc","txt":"Tomme de vache et autres spécialités fromagères","post_code":22,"city":null,"addr":null,"cat":"AF","tel":null,"email":null,"web":"","suspect":0}
,{"id":125,"lat":48.479904,"lng":-2.526231,"name":"La Ferme de Marie-Jeanne","txt":"Volailles fermières et produits locaux","post_code":22,"city":null,"addr":null,"cat":"A2","tel":"0687321744","email":null,"web":"","suspect":0}
,{"id":126,"lat":48.397263,"lng":-2.627774,"name":"Spiruline d'Armor","txt":"Production locale de spiruline","post_code":22,"city":null,"addr":null,"cat":"AX","tel":null,"email":null,"web":"","suspect":0}
,{"id":127,"lat":48.61196,"lng":-2.468702,"name":"Fertile Fungi","txt":"Productrice de champignons frais et séchés biologique","post_code":22,"city":null,"addr":null,"cat":"AX","tel":null,"email":null,"web":"","suspect":0}
,{"id":128,"lat":48.61579,"lng":-2.438529,"name":"Côté légumes nicolas","txt":"Légumes bio","post_code":22,"city":null,"addr":null,"cat":"AM","tel":null,"email":null,"web":"","suspect":0}
,{"id":129,"lat":48.55812,"lng":-2.533943,"name":"Bee'Flora","txt":"Apiculteur récoltant","post_code":22,"city":null,"addr":null,"cat":"AN","tel":null,"email":null,"web":"","suspect":0}
,{"id":130,"lat":48.516605,"lng":-2.759478,"name":"Biscuiterie Bieuc","txt":"Biscuiterie Caramèlerie Confiturerie","post_code":22,"city":null,"addr":null,"cat":"AX","tel":null,"email":null,"web":"","suspect":0}
,{"id":131,"lat":48.484756,"lng":-2.67605,"name":"Biscuiterie Bieuc","txt":"Biscuiterie Caramèlerie Confiturerie","post_code":22,"city":null,"addr":null,"cat":"AX","tel":null,"email":null,"web":"","suspect":0}
,{"id":132,"lat":48.498943,"lng":-2.599485,"name":"Leveque Jean Baptiste","txt":" Coutelier","post_code":22,"city":null,"addr":null,"cat":"OR","tel":null,"email":null,"web":"","suspect":0}
,{"id":133,"lat":48.33012,"lng":-1.769228,"name":"Karel Janik","txt":" Coutelier","post_code":22,"city":null,"addr":null,"cat":"OR","tel":null,"email":null,"web":"","suspect":0}
,{"id":134,"lat":48.648846,"lng":-2.0260313,"name":"Eustache Saint-Malo","txt":" Coutelier","post_code":22,"city":null,"addr":null,"cat":"OR","tel":null,"email":null,"web":"","suspect":0}
,{"id":135,"lat":48.62332,"lng":-1.569433,"name":"Embruns d'osier","txt":"Vannerie","post_code":22,"city":null,"addr":null,"cat":"O0","tel":null,"email":null,"web":"","suspect":0}
,{"id":2,"lat":48.57769,"lng":-2.91581,"name":"Métayer","txt":"","post_code":22170,"city":"Plélo","addr":"","cat":"A","tel":"0688305101","email":"regis.metayer@wanadoo.fr","web":"","suspect":0}
,{"id":76,"lat":48.62791,"lng":-2.36055,"name":"LA FREHELOISE","txt":"Brasserie artisanale : propose 2 gammes de bières : conventionnelle et bio","post_code":22240,"city":"Fréhel","addr":"Rue de la Pièce Monsieur,","cat":"AF","tel":"0981885756","email":"","web":"","suspect":0}
,{"id":6,"lat":48.745327,"lng":-3.503047,"name":"La Terre Des Fées","txt":"Producteur de plantes annuelles, vivaces  aromatiques, plants potagers et petits fruits ","post_code":22300,"city":"Lannion","addr":"","cat":"4","tel":"0625045120","email":"etsleguilcher@hotmail.com","web":"https://www.facebook.com/LaTerreDesFees","suspect":0}
,{"id":8,"lat":48.652588,"lng":-3.21187,"name":"Bergerie de Penn Krec'h","txt":"Nous élevons environ 80 brebis lacaunes et un petit troupeau de 6 vaches armoricaines pour valoriser les prairies humides, en bord de rivière. Nous produisons 16000 litres de lait de brebis qui sont intégralement transformés en yaourt, fromage blanc, petits fromages lactiques et tomme.","post_code":22140,"city":"Landebaëron","addr":"Penn Krec'h 22140 Landébaëron","cat":"AL","tel":"0672549537","email":"cels.thomas@gmail.com","web":"http://lespaniersdubocage.com","suspect":0}
,{"id":9,"lat":48.55833,"lng":-3.550045,"name":"GAEC LE CHANT DU GRAIN","txt":"Activités agricoles, notamment de culture de céréales, légumineuses, graines oléagineuses","post_code":22780,"city":"Plounérin","addr":"","cat":"AC","tel":null,"email":"contact@lechantdugrain.fr","web":"","suspect":0}
,{"id":10,"lat":48.234406,"lng":-3.275033,"name":"Le Buis Sonnant","txt":"","post_code":22110,"city":"Plouguernével","addr":"","cat":"A","tel":"0781312528","email":"contact@lebuissonnant.org","web":"http://lebuissonnant.org/","suspect":0}
,{"id":12,"lat":48.499214,"lng":-2.697204,"name":"le Rucher de la Baie","txt":"Le rucher de la baie est implanté sur la commune de Langueux (22360). Le Miel produit est récoltés en baie de Saint Brieuc  pour partie mais aussi sur le secteur de Lamballe et Quintin pour bénéficier des végétations variées des campagnes  de la ville et du littoral.    Ce qui donne un miel à cristallisation fine  parfumé bénéficiant des avantages et de la richesse des différentes fleurs butinées","post_code":22360,"city":"Langueux","addr":"","cat":"AN","tel":"0677291598","email":"apisami22@laposte.net","web":"","suspect":0}
,{"id":13,"lat":48.25562,"lng":-2.23348,"name":"Rucher des Lauriers","txt":"Apiculteur récoltant de miel et produits de la ruche en Bretagne.\r\nMiel local (100% Breton) et de qualité, récolté et mis en pot par votre apiculteur.\r\n","post_code":22250,"city":"Plumaugat","addr":"","cat":"AN","tel":"0296847944","email":"rucherdeslauriers@yahoo.com","web":"https://rucherdeslauriers.wixsite.com/miel","suspect":0}
,{"id":14,"lat":48.56832,"lng":-2.56237,"name":"LA FERME DU POURPRAY","txt":"Porcs, volailles et agneaux\r\nAgriculture raisonnée\r\n","post_code":22400,"city":"Saint-Alban","addr":"Le Pourpray ","cat":"A2","tel":"0296630862","email":"lafermedupourpray22400@gmail.com","web":"https://www.bienvenue-a-la-ferme.com/cotes-d-armor/st-alban/ferme/ferme-du-pourpray/86663","suspect":0}
,{"id":15,"lat":48.54518,"lng":-2.7812,"name":"SARL PBA","txt":"Nous sommes fabricants de pâtes aux œufs bio à Plérin. Nos matières premières sont d'origine locale pour la majeure partie. La production est axée à ce jour sur de la pâte sèche (DLUO 18 à 24 mois) à destination de la restauration collective, magasins spécialisés et grandes surfaces.","post_code":22190,"city":"Plérin","addr":"29 bis, rue Hélène Boucher -  ","cat":"AX","tel":"0986180711","email":"typasta@orange.fr","web":"","suspect":1}
,{"id":22,"lat":48.55384,"lng":-3.11676,"name":"SARL DENOUAL ROLAND","txt":"Charcutier-Traiteur  : tous nos produits sont fabriqués maison et de façon artisanale","post_code":22970,"city":"Saint-Agathon","addr":"Zone Industrielle de Bellevue - 24 avenue de l'Hippodrome, 22200 Saint-Agathon","cat":"AG","tel":"0296924839","email":"roland.denoual@orange.fr","web":"https://www.charcuteriedenoual.fr","suspect":0}
,{"id":24,"lat":48.33192,"lng":-2.33961,"name":"DRONIOU","txt":"BOULANGERIE PATISSERIE FABRICATION ET VENTE - RAYON EPICERIE - CONFISERIE PORTAGE DE PAIN A DOMICILE","post_code":22250,"city":"Sévignac","addr":"1 Rue du Fournil","cat":"AX","tel":"0296849310","email":"lcyrille61@sfr.fr","web":"","suspect":0}
,{"id":25,"lat":48.64535,"lng":-3.05849,"name":"EARL DES AUBRACS","txt":"Exercice d'activités réputées agricoles au sens le l'article L311-1","post_code":22290,"city":"Gommenec'h","addr":"La Ville Basse ","cat":"A2","tel":"0296523211","email":"manu.aubergeaubrac@gmail.com","web":"https://fermedesaubrac.fr","suspect":0}
,{"id":26,"lat":48.77288,"lng":-3.19634,"name":"EARL DE KEREDERN","txt":"Légumes en production biologique.","post_code":22220,"city":"Trédarzec","addr":"14, Keredern - 22220 TREDARZEC","cat":"AM","tel":"0698495785","email":"lafermedekeredern@hotmail.com","web":"https://www.mangeons-local.bzh/producteurs/la-ferme-de-keredern/","suspect":0}
,{"id":27,"lat":48.28376,"lng":-2.50212,"name":"EARL DE KERTITI","txt":"Naisseur/engraisseur de cochons bio.  Mon exploitation compte 20 truies   100 % de l'alimentation est produit à la ferme","post_code":22330,"city":"Le Mené","addr":"Kermaria Plessal","cat":"A2","tel":null,"email":"steevenrouille@gmail.com","web":"","suspect":0}
,{"id":28,"lat":48.33481,"lng":-2.68155,"name":"EARL DE LA PETITE CROIX","txt":"Exploitation de 46 hectares avec 50 vaches laitières race Normande.\r\nVente directe de lait cru en bidon de 5 à 10 litres","post_code":22150,"city":"Plémy","addr":"2, Avaleuc ","cat":"AL","tel":"0296602143","email":"getesse@club-internet.fr","web":"","suspect":1}
,{"id":29,"lat":48.33359,"lng":-2.74345,"name":"EARL DU CHESNAYE D'EN HAUT","txt":"Exploitation agricole de 90 hectares dont 5 hectares pour les pommes de terre","post_code":22150,"city":"Plœuc-L'Hermitage","addr":"Le Chesnay Ploeuc sur Lié -","cat":"AC","tel":"0296334610","email":"allodiss@orange.fr","web":"","suspect":0}
,{"id":30,"lat":48.40386,"lng":-2.71079,"name":"TIFAÑCHMFLO","txt":"Producteur en agriculture raisonnée,  notre éthique est axée sur la haute qualité et le goût.\nVente de Viandes d excellence Q+ ( tous gages de qualité confondus) pour un prix abordable à tous.\nLes périodes : mai, juin, septembre, octobre, novembre et décembre. Vente souvent le lundi. Nous contacter par téléphone ou par mail avant.","post_code":22150,"city":"Hénon","addr":"La Ville Neuve d'en Haut","cat":"ACM","tel":"0682093236","email":"earlfp98@gmail.com","web":"","suspect":1}
,{"id":31,"lat":48.42779,"lng":-1.98995,"name":"EARL LA MOINERIE","txt":"Production de porcs sur paille sans OGM ni antibiotique. Ferme certifiée Haute Valeur Environnementale de niveau 3.  Charcuterie  viande de bœuf  porc  volaille  produits laitiers  crème et beurre  fromage  oeufs  boissons et fruits  ","post_code":22630,"city":"Les Champs-Géraux","addr":"","cat":"A2","tel":"0296274855","email":"lamoinerie@lamoinerie.com","web":"https://www.lafermeendirect.fr","suspect":0}
,{"id":32,"lat":48.81358,"lng":-3.19032,"name":"EARL LAUDREN KERLIJOUAN","txt":"Producteur de fruits et légumes\r\nEnviron 4 variétés différentes","post_code":22610,"city":"Kerbors","addr":"","cat":"AM","tel":null,"email":"lesbonslegumesdekerlijouan@gmail.com","web":"","suspect":1}
,{"id":35,"lat":48.46162,"lng":-2.77741,"name":"EARL MICHELET BERNARD","txt":"Exploitation de volailles et cultures de céréales Production de l'alimentation sur l'exploitation  Transformation de notre volaille   de porc (exploitant de Plélo) et de boeuf (exploitant de Lanfains).","post_code":22960,"city":"Plédran","addr":"La Croix Péran -","cat":"A2","tel":"0296712469","email":"michelet.mb@wanadoo.fr","web":"","suspect":0}
,{"id":38,"lat":48.33523,"lng":-2.785,"name":"FERME DU CEDRE BLEU","txt":"Le GAEC FERME DU CEDRE BLEU est une exploitation agricole gérée par 2 associés exploitants. Nous produisons du lait, de la volaille, des céréales et des pommes de terre. Ce sont ces pommes de terre que nous vendons en direct aux professionnels et aux particuliers.","post_code":22150,"city":"Plœuc-L'Hermitage","addr":"4, Le Berlugeon ","cat":"AL","tel":"0683319016","email":"fermeducedrebleu@gmail.com","web":"","suspect":0}
,{"id":36,"lat":48.42556,"lng":-3.06907,"name":"ELEVAGE AVICOLE DE LEURMIN","txt":"Commerçant ambulant. Nous avons repris l'activité de l'élevage avicole de Leurmin. Volailles démarrées (3 races). Vente pour élevage au bout de 3 à 4 semaines : oies  pintades  cailles  canards.  Poules pondeuses (5 races)  Vente également de matériel avicole","post_code":22720,"city":"Senven-Léhart","addr":"Leurmin 22720 Senven-Lehart","cat":"A2G","tel":null,"email":null,"web":"","suspect":0}
,{"id":37,"lat":48.84182,"lng":-3.1067,"name":"ETS OSTREICOLE DE MIN ER GOAS","txt":"Ostréiculteur. Captage des huîtres. Vente au bout de 3 à 4 ans.\r\n5 salariés","post_code":22610,"city":"Lanmodez","addr":"3, Zone Ostréicole -","cat":"AP","tel":"0296165115","email":"bodinarnaud@hotmail.fr","web":"","suspect":1}
,{"id":40,"lat":48.56652,"lng":-3.34039,"name":"FOURNIL PINABEL","txt":"Fabrication et commercilaisation de pains produits dérives viennoiserie pâtisserie dites frais confiseries boissons glaces plats cuisines sandwiches restauration rapide salon de thé venté épicerie biologique conseils de formations d'audit cours de cuisine en lien avec l'activité achat vente promotion produits diététiques naturels biologiques information audit conseil dans domaine agroalimentaire","post_code":22540,"city":"Louargat","addr":"1 rue le Fournil ","cat":"AX","tel":"0296683910","email":"lcyrille61@sfr.fr","web":"","suspect":0}
,{"id":41,"lat":48.60626,"lng":-2.8827,"name":"GAEC DE SOUS LA VILLE","txt":"Boucherie à la ferme : viande de bœuf, de porc, d'agneau et de volaille.\r\nNous sommes 3 associés et 3 salariés","post_code":22410,"city":"Lantic","addr":"3, rue de Sous la Ville ","cat":"A2","tel":"0296719712","email":"fermedessouslaville@gmail.com","web":"https://fermedesouslavillelantic22.drive-fermier.fr/nos-producteurs/","suspect":0}
,{"id":42,"lat":48.44353,"lng":-2.41787,"name":"GAEC DES GABORIAUX","txt":"Vaches laitières. Atelier de transformation à la ferme depuis 206 (yaourts  fromage blanc  lait ribot et lait pasteurisé) Porcs naisseurs engraisseurs  5 associés + 4 salariés","post_code":22270,"city":"Saint-Rieul","addr":"Les Gaboriaux ","cat":"A2","tel":"0296313312","email":"saintrieulait@yahoo.fr","web":"https://saintrieulait.com","suspect":0}
,{"id":43,"lat":48.27633,"lng":-2.61749,"name":"GAEC DES GRANDS PRES","txt":"Produits laitiers fermiers ultra frais\r\nLe Gaec compte 3 associés et 3 salariés\r\n","post_code":22330,"city":"Le Mené","addr":"La Brousse Plessala ","cat":"AL","tel":"0296261865","email":"gaec@lafermedesgrandspres.com","web":"","suspect":1}
,{"id":46,"lat":48.21762,"lng":-3.30692,"name":"GAEC LA RAINETTE","txt":"Produits laitiers transformés : fromages","post_code":22110,"city":"Kerbraz","addr":"Kerbraz - 22110 Rostrenen","cat":"AL","tel":"0674101535","email":"gaeclarainette@yahoo.fr","web":"","suspect":1}
,{"id":47,"lat":48.28867,"lng":-2.6922,"name":"GAEC MA VALLEE","txt":"Fabrique de fromage de chèvre Ferme de 60 hectares avec 10 travailleurs sur l'exploitation  Nous alimentons nos 280 chèvres avec l'herbe et les céréales bio que nous produisons sur notre ferme mais notre fromage n'a pas le label bio  ","post_code":22150,"city":"Plouguenast-Langast","addr":"11, la Vallée -","cat":"AL","tel":"0296287489","email":"gaec.mavallee@orange.fr","web":"","suspect":1}
,{"id":48,"lat":48.52428,"lng":-2.65277,"name":"GAEC MYTILICOLE BAILLY","txt":"Le GAEC Mytilicole Bailly est une entreprise familiale très ancienne composée des 3 frères et du père ainsi que de 2 salariés.\r\nProduction de moules de bouchot","post_code":22120,"city":"Hillion","addr":"Zone Mytyliocole de Bon Abri ","cat":"AP","tel":"0296322429","email":"gaec-mytilicole-bailly@orange.fr","web":"","suspect":0}
,{"id":49,"lat":48.18087,"lng":-3.39701,"name":"GAEC DE LA LAITERIE DE TREGORN","txt":"Exploitation agricole familiale en conversion bio installée dans le Centre Bretagne depuis une trentaine d'années.\r\nL'exploitation dispose d'un magasin de vente sur place de ses propres produits mais aussi en dépôt vente de producteurs locaux (oeufs, cidre, miel)","post_code":22110,"city":"Glomel","addr":"Crazius ","cat":"AN","tel":"0296298366","email":"ds.mestric@gmail.com","web":"","suspect":0}
,{"id":51,"lat":48.28096,"lng":-2.6998,"name":"GAEC DU VALLET","txt":"Le Gaëc Le Vallet est une exploitation agricole familiale. Production laitière  vache allaitante et élevage de porc  Atelier de transformation crèmes glacées et sorbets \"Le Vallet Gourmand\"  Colis de viande de bœuf également","post_code":22150,"city":"Plouguenast-Langast","addr":"Le Vallet ","cat":"A2L","tel":"0296268708","email":"c.pellan@orange.fr","web":"","suspect":1}
,{"id":52,"lat":48.51962,"lng":-2.53657,"name":"GAEC PAMPILLES ET CABRIOLES","txt":"Nous sommes éleveurs de chèvres et fromagers, en conversion à l'agriculture biologique. ","post_code":22400,"city":"Lamballe-Armor","addr":"La Croix Trinchant - 22400 PLANGUENOUAL","cat":"AL","tel":"0637159366","email":"raison.benjamin@hotmail.fr","web":"https://www.pampillesetcabrioles.fr","suspect":0}
,{"id":53,"lat":48.20044,"lng":-2.57962,"name":"GAEC DES CAS CHAMPS","txt":"Exploitation familiale  située sur la Commune de Plémet (22). Nous pratiquons une agriculture raisonnée  pour un modèle durable !  Nous élevons nos porcs (issus de race DUROC  reconnue pour sa viande persillée) avec des aliments de qualité à partir du maïs et du blé produits sur l'exploitation.","post_code":22210,"city":"Plémet","addr":"Les Cas Champs ","cat":"A2","tel":"0296663327","email":"mpbru@wanadoo.fr","web":"","suspect":0}
,{"id":54,"lat":48.47283,"lng":-2.79726,"name":"GUERNION ELIE","txt":"Élevage de volailles biologiques avec une alimentation produite à la ferme. Porc sans antibiotique  Production de pommes de terre  vente d'oeufs et collaboration étroite avec le Verger Fleuri de Plestan pour la vente de jus de pomme","post_code":22440,"city":"Ploufragan","addr":"Impasse du Cloet ","cat":"A2","tel":null,"email":"guernionventedirecte@gmail.com","web":"","suspect":0}
,{"id":57,"lat":48.21356,"lng":-2.73564,"name":"LA FERME DE LA DONAITERIE","txt":"Produits laitiers de vache transformés en production biologique :  lait, yaourt et fromage blanc, crème et beurre","post_code":22600,"city":"La Motte","addr":"12, La Donaiterie ","cat":"AL","tel":null,"email":"ladonaiterie@gmail.com","web":"","suspect":0}
,{"id":59,"lat":48.33845,"lng":-2.78503,"name":"LA FERME DU MILLET","txt":"Vente de pommes de terre de différentes variétés","post_code":22150,"city":"Plœuc-L'Hermitage","addr":"Le Millet ","cat":"AC","tel":null,"email":"lafermedumillet@orange.fr","web":"","suspect":0}
,{"id":75,"lat":48.62865,"lng":-2.46423,"name":"MICHIELS Nicolas","txt":"Maraichage et vente de pommes biologiques","post_code":22430,"city":"Erquy","addr":"","cat":"AF","tel":"0646341368","email":"cote.legume22@hotmail.com","web":"","suspect":0}
,{"id":60,"lat":48.47026,"lng":-2.88356,"name":"GAEC DE LA BLANDIRIE","txt":"L'exploitation est située à Saint-Donan, dans les Cotes d'Armor. Nous produisons du lait que nous transformons en lait frais, lait ribot, fromages frais à tartiner avec différents aromates (bruchetta, ail et fines herbes, pempa, échalotes, oignon poivre et nature) ainsi que de la tomme","post_code":22800,"city":"Saint-Donan","addr":"La Blandirie ","cat":"AL","tel":"0296739470","email":"fermedelablandirie@orange.fr","web":"","suspect":0}
,{"id":61,"lat":48.481,"lng":-2.81829,"name":"LE PANIER DE LA LANDE","txt":"Le Panier de la Lande propose des produits locaux et de saison : fruits et légumes ainsi qu'œufs bio et plein air","post_code":22440,"city":"Ploufragan","addr":"Rue des Mottes ","cat":"AM","tel":"0296940202","email":"jego_pascal@orange.fr","web":"","suspect":1}
,{"id":68,"lat":48.46162,"lng":-2.7776,"name":"SARL LES DEUX LAUNAY","txt":"Charcuterie artisanale Viande de porc  de bœuf  d'agneau  de volaille  de veau  Traiteur","post_code":22960,"city":"Plédran","addr":"La Croix Denis ","cat":"A2","tel":"0296324834","email":"des.deux.launay.sarl@wanadoo.fr","web":"","suspect":0}
,{"id":62,"lat":48.20517,"lng":-2.9415,"name":"LES SAVEURS DE HAUTE BRETAGNE","txt":"La CRÊPERIE DE GUERLEDAN privilégie les produits locaux et fait le choix de valoriser les circuits courts.\r\nLa Crêperie s’est engagée depuis plusieurs années à travailler du blé noir et de froment 100% français moulus dans les moulins voisins, au cœur de notre pays du Centre Bretagne.","post_code":22530,"city":"Guerlédan","addr":"ZA de Guergadic ","cat":"AX","tel":"0296263837","email":"commercial@crepes2guerledan.fr","web":"","suspect":1}
,{"id":63,"lat":48.31997,"lng":-3.05547,"name":"MARTELL DEULOFEU","txt":"Fabrication de charcuterie 100 % maison et vente de viande 100 % bretonne.","post_code":22320,"city":"Le Haut-Corlay","addr":"2 Impasse des Lauriers ","cat":"A2","tel":"0256259003","email":"ariel.martell@free.fr","web":"","suspect":1}
,{"id":64,"lat":48.46882,"lng":-2.51707,"name":"MEHEUST","txt":"Exploitation en agriculture biologique depuis 1998.\r\nVente de Pommes de Terre","post_code":22400,"city":"Lamballe-Armor","addr":"5 l'Hôpital Staaron -","cat":"AC","tel":"0296311063","email":"michel.meheust@wanadoo.fr","web":"","suspect":0}
,{"id":65,"lat":48.63193,"lng":-2.98623,"name":"PECHEUR D'ARMOR","txt":"SARL Pêcheurs d'Armor achète et transforme vos poissons locaux (criées de Saint-Quay et d'Erquy) pour les collectivités, les ventes en magasin et sur les marchés.","post_code":22290,"city":"Lanvollon","addr":"Zone des Fontaines ","cat":"AP","tel":"0296641078","email":"sciportmoliere@orange.fr","web":"","suspect":0}
,{"id":66,"lat":48.47946,"lng":-2.52612,"name":"LE FERME DE MARIE-JEANNE","txt":"Vente de volailles (poulet, pintade, dinde), produits laitiers, crème et beurre, fromage, épicerie salée/sucrée et boissons","post_code":22400,"city":"Andel","addr":"1, Lourmel ","cat":"AL","tel":"0649768626","email":"lafermedemariejeanne@gmail.com","web":"","suspect":0}
,{"id":67,"lat":48.33043,"lng":-2.82739,"name":"SARL CHOUPEAUX","txt":"Nous fabriquons du beurre de baratte depuis 1956 en lien avec un groupement d'éleveur de Côtes-d'Armor.\r\nNous sommes 10 au total et avons depuis quelques mois lancé une fromagerie sur Moncontour pour utiliser les co-produits du beurre.","post_code":22150,"city":"Plœuc-L'Hermitage","addr":"14 Chemin des Loges ","cat":"AL","tel":"0296421364","email":"contact@le-vieux-bourg.fr","web":"https://www.le-vieux-bourg.com/","suspect":0}
,{"id":70,"lat":48.77332,"lng":-3.37908,"name":"SARL PORS BODIOU - 1","txt":"Oeufs plein air, sol et biologique sur deux sites Lannion et Ruca ","post_code":22450,"city":"Kermaria-Sulard","addr":"14 Pors Bodiou ","cat":"A2","tel":"0296410519","email":"oeufskeryann@gmail.com","web":"","suspect":0}
,{"id":72,"lat":48.47512,"lng":-2.47107,"name":"Ferme de la Mare","txt":"Installés depuis 1987 à la Ferme de la Mare à la Poterie, commune de Lamballe, nous sommes éleveurs engraisseurs de porcs sur paille et nous avons notre atelier de transformation à la ferme. ","post_code":22400,"city":"Lamballe","addr":"La Poterie","cat":"A2","tel":"0296347230","email":"fermedelamare@gmail.com","web":"https://fermedelamare.fr","suspect":0}
,{"id":73,"lat":48.74067,"lng":-3.44626,"name":"SOCIETE DES ETABLISSEMENTS TALHOUET","txt":"Distributeur boucherie charcuterie négociant de volaille","post_code":22300,"city":"Lannion","addr":"6 rue Hélène Boucher - ","cat":"AG","tel":"0296370026","email":"jmtalhouet@orange.fr","web":"","suspect":0}
,{"id":77,"lat":48.25736,"lng":-3.00441,"name":"EARL LA FERME D'AUTREFOIS","txt":"Nous élevons nos volailles en liberté et aux céréales bio de notre ferme.\r\nNous abattons nous même dans notre structure agréée.","post_code":22320,"city":"Saint-Mayeux","addr":"Le Clos ","cat":"A2","tel":"0296263053","email":"lafermedautrefois@orange.fr","web":"","suspect":0}
,{"id":78,"lat":48.58842,"lng":-3.49268,"name":"FROMAGERIE BERJELENNIG","txt":"Fabrication artisanale de fromages bio de vache :\r\npalets frais : nature , origan, mexicain, poivre, ail et fines herbes","post_code":22420,"city":"Plouaret","addr":"6, Saint-Julien","cat":"AL","tel":"0296467124","email":"florence.legall@posteo.net","web":"https://www.savourezlabretagne.com/synagri/fromagerie-berjelennig","suspect":0}
,{"id":79,"lat":48.49776,"lng":-2.74677,"name":"SARL LES DEUX LAUNAY","txt":"Charcuterie artisanale Viande de porc  de bœuf  de veau  de volaille et d'agneau  Traiteur","post_code":22000,"city":"Saint-Brieuc","addr":"35, rue Becquerel - La Croix Lambert ","cat":"A2","tel":"0296783208","email":"des.deux.launay.sarl@wanadoo.fr","web":"","suspect":0}
,{"id":80,"lat":48.45544,"lng":-2.06683,"name":"SOCIETE BETAIL VIANDE","txt":"Entreprise de commerce, négoce et production.\r\nNous travaillons avec les professionnels","post_code":22100,"city":"Dinan","addr":"","cat":"AG","tel":"0296394185","email":"betailviande22@orange.fr","web":"","suspect":0}
,{"id":81,"lat":48.56677,"lng":-2.33869,"name":"SARL PORS BODIOU - 2","txt":"Oeufs plein air, sol et biologique sur deux sites Lannion et Ruca ","post_code":22550,"city":"Ruca","addr":"La Croix Verte ","cat":"A2","tel":null,"email":"commandes.porsbodiou@gmail.com","web":"","suspect":0}
,{"id":82,"lat":48.51604,"lng":-3.06539,"name":"FERME AVICOLE DE BEAUPRE","txt":"Commerçant ambulant de vente de volailles pour élevage au bout de 3 à 4 semaines. Nous avons repris l'activité de l'élevage avicole de Leurmin. Volailles démarrées (3 races)  poules pondeuses (5 races)  pintades  cailles  canards  oies  Vente également de matériel avicole","post_code":22170,"city":"Lanrodec","addr":"Parc Corn ","cat":"A2","tel":"0296326279","email":"ferme.de.beaupre22@gmail.com","web":"","suspect":0}
,{"id":85,"lat":48.63126,"lng":-3.3095,"name":"Boucherie Erwan & Nathalie MAZEVET","txt":"Boucherie, charcuterie, traiteur ","post_code":22140,"city":"Bégard","addr":"","cat":"AG","tel":"0296452114","email":"mazevet.erwan@gmail.com","web":"","suspect":0}
,{"id":86,"lat":48.40459,"lng":-2.47003,"name":"LE VERGER FLEURI","txt":"Ferme fruitière en agriculture biologique. Production de fruits : pommes  poires  coing  kiwi  Production de petits fruits : groseilles  framboises  rhubarbe  Production de jus : pomme  pomme-cassis  pomme-groseille   pomme-sureau  pomme-framboise  pomme-coing  pomme-rhubarbe","post_code":22640,"city":"Plestan","addr":"Le Clos Brulé -","cat":"AF","tel":"0296341356","email":"xavier.pascale.doussinault@wanadoo.fr","web":"","suspect":0}
,{"id":87,"lat":48.44846,"lng":-2.80628,"name":"GAEC de La Chênaie","txt":"Producteur de lait de vache sans OGM","post_code":22940,"city":"Saint-Julien","addr":"Les Jards ","cat":"AL","tel":null,"email":"gaecdelachenaie@gmail.com","web":"","suspect":0}
,{"id":88,"lat":48.61019,"lng":-2.87981,"name":"EARL Volailles d'Armor","txt":"Élevage et vente aux particuliers de volailles vivantes pour la basse-cour (pondeuses, poulets, pintades, dindes, canards, oies, cailles) et nourriture sans ogm (aliment pour volailles et céréales)","post_code":22410,"city":"Plourhan","addr":"Les Madrettes ","cat":"A2","tel":"0296719490","email":"","web":"https://www.lesvolaillesdarmor.fr/","suspect":0}
,{"id":89,"lat":48.74153,"lng":-3.40342,"name":"Le Rucher des Cosniers","txt":"Production de miel par une apiculture douce, respectueuse des abeilles et des consommateurs.\r\nOrganisation de visites \"de la ruche au pot de miel\" : 7j/7 à 10 h 30 ou 14 h 30 (sur réservation).","post_code":22300,"city":"Rospez","addr":"16, route de Kergolvezen, 22300 Lannion","cat":"AN","tel":"0973513006","email":"rucherdescosniers@gmail.com","web":"https://rucherdescosniers.fr/","suspect":0}
,{"id":91,"lat":48.74607,"lng":-3.2611,"name":"Armement Deroff","txt":"Vente de poissons et crustacés péchés sur la Côte de granit rose. Arrivage en fonction de la pêche et de la météo.","post_code":22450,"city":"La Roche-Jaudy","addr":"11, la Villeneuve ","cat":"AP","tel":null,"email":"","web":"","suspect":0}
,{"id":93,"lat":48.48196,"lng":-2.64367,"name":"Poissonnerie La Marée","txt":"Poissonnerie - traiteur de la mer\r\nProducteur de moules de bouchot en baie de Saint-Brieuc ","post_code":22120,"city":"Hillion","addr":"ZA des Grands Champs ","cat":"AP","tel":"0296625902","email":"lamaree-boutique@hotmail.com","web":"","suspect":0}
,{"id":94,"lat":48.70773,"lng":-3.48911,"name":"Le Potager de Kergistalen","txt":"Producteur de légumes et fruits rouges bio \r\nVente en direct à la ferme, ainsi que des produits locaux en direct des producteurs","post_code":22300,"city":"Ploulec'h","addr":"","cat":"AMF","tel":null,"email":"quentin.lejan@gmail.com","web":"","suspect":1}
,{"id":95,"lat":48.51858,"lng":-2.79675,"name":"Brasserie la Guernouillette","txt":"Depuis septembre 2011, nous brassons plus de 30 recettes de bières traditionnelles toutes aussi originales les unes que les autres.\r\nBlanches, blondes, dorées, ambrées, rousses, brunes, noires... subtilité des arômes et originalité en tous genres s'allient avec passion et certainement un (gros) brin de folie","post_code":22000,"city":"Saint-Brieuc","addr":"120 Boulevard de l'Atlantique -","cat":"AF","tel":null,"email":"florence.gouriou@numericable.fr","web":"http://la-guernouillette.com/","suspect":0}
,{"id":96,"lat":48.80372,"lng":-3.08587,"name":"FERME MARINE DU TRIEUX","txt":"Nous élevons des truites arc-en-ciel en mer depuis 1986, et nous avons à la ferme un atelier de fumaison pour fumer nos truites. Nous vous les proposons en tranches et pavés sous-vide ou mousses de truites en conserves.\r\n","post_code":22500,"city":"Paimpol","addr":"12 Route de Coz Castel ","cat":"AP","tel":"0296204207","email":"fermemarinedutrieux@gmail.com","web":"","suspect":1}
,{"id":99,"lat":48.60564,"lng":-2.37347,"name":"La Ferme des Templiers","txt":"Viande de porc et charcuterie Cochons nourris avec les céréales de la ferme et graine de lin  enrichis en Oméga3 (Bleu Blanc Cœur)  sans OGM  sans anti-bio.   Différents colis entre 3 kg et 38 kg ","post_code":22240,"city":"Plurien","addr":"21, La Haute Caillibotière -","cat":"A2","tel":"0296720819","email":"contact@fermedestempliers.fr","web":"","suspect":0}
,{"id":101,"lat":48.60385,"lng":-3.61126,"name":"Ti Ma Zud Kozh","txt":"Exploitation en agriculture biologique, nous sommes soucieux de l’environnement et du bien manger dans nos assiettes. La vente directe à la ferme et les produits proposés répondent à ses valeurs. \r\nSur nos étalages, vous trouverez de la viande de bœuf, de veau et de porc, du lait et des légumes de saison et de qualité\r\n","post_code":22310,"city":"Trémel","addr":"2, Kervidonnée -","cat":"A2LM","tel":null,"email":"lebonniec.clement22@gmail.com","web":"","suspect":0}
,{"id":103,"lat":48.45335,"lng":-2.38926,"name":"Jardin de la Pérrière","txt":"Production maraichère biologique diversifiée","post_code":22,"city":"Launay Chauvin","addr":"Launay Chauvin","cat":"AM","tel":"0642844601","email":"jonathan.chabert2@gmail.com","web":"","suspect":1}
,{"id":1199,"lat":48.51847,"lng":-2.530132,"name":"anik crèmerie paysanne","txt":"Vincent PHILIPPE et Aziliz LE GALL, paysans bio transforment leur lait en délices pour vos papilles !!\nGlaces, Skyr, Beurre, Riz au Lait, Chocolat Chaud, Affogato.... Régalez-vous !","post_code":22400,"city":"Lamballe-Armor","addr":" Ferme Les Noës - 204 les Noës - MAROUE - 22400 LAMBALLE ARMOR 22400 Lamballe ","cat":"AL","tel":"0695628978","email":"contact@anik.bzh","web":"http://www.anik.bzh","suspect":0}
,{"id":1200,"lat":48.533348,"lng":-3.206224,"name":"ty local","txt":"Nous sommes 17 producteurs locaux à vous proposer ensemble nos produits en panier, en commande sur internet. Chaque semaine, commandez ce que vous souhaitez, quand vous le souhaitez, et venez retirer votre panier dans l'un de nos 6 dépôts autour de Guingamp.\n\nAvec Ty Local, on redonne du sens : les consommateurs retournent dans les fermes, qui deviennent de véritables lieux de rencontre entre voisins ; des lieux de découverte pour les enfants, des lieux d’échanges. En consommant local, on favorise les emplois locaux et une rémunération juste des producteurs : l’économie devient circulaire.","post_code":22200,"city":"Moustéru","addr":" Groesquer Bras","cat":"A","tel":"0296132559","email":"contact@tylocal.bzh","web":"https://www.tylocal.bzh","suspect":0}
,{"id":1201,"lat":48.7517,"lng":-3.499486,"name":"plants b","txt":"Production de plants de légumes, aromatiques et petits fruits certifiés AB.","post_code":22300,"city":"Lannion","addr":" Cosquerou Servel","cat":"AM","tel":"0620214997","email":"","web":"","suspect":0}
,{"id":1202,"lat":48.759666,"lng":-3.5562,"name":"la fabrique du potager","txt":"Producteur de légumes bio. Vente de panier de fruits ou de légumes sur commande. Vente à la ferme le samedi matin de légumes et de fruits de saison.","post_code":22560,"city":"Trébeurden","addr":" 78 rue de kernevez","cat":"AM","tel":"0604068949","email":"contact@lafabriquedupotager.bzh","web":"http://Lafabriquedupotager.bzh","suspect":1}
,{"id":1203,"lat":48.362705,"lng":-1.952557,"name":"brasserie carabo","txt":"La Brasserie Carabo  installée depuis août 2021  propose une gamme de bières variées aux saveurs gourmandes  en 33 cl et 75 cl. •\\tBière Blonde au corps équilibré  avec une légère amertume  accompagnée de houblons aux notes d'agrumes et de fruits tropicaux. •\\tBière Ambrée avec toute la puissance du malt et des saveurs toastées. •\\tBière Blanche aux fleurs de sureau  douce et rafraîchissante. •\\tBière Noire au malt torréfié avec une douce amertume et des notes de cacao. •\\tBières Spéciales à découvrir tout au long de l’année au fil des saisons.  Nous récupérons les bouteilles pour les réemployer  n'hésitez pas à les ramener. Merci!","post_code":22630,"city":"Saint-Judoce","addr":" 10 rue du Cordonnier","cat":"AF","tel":"0661818008","email":"contact@brasseriecarabo.fr","web":"","suspect":0}
,{"id":1204,"lat":48.208515,"lng":-2.538243,"name":"le fournil de quévran","txt":"Fournil Bio de pains au levain, cuisson bois. Farines Locales Laurenan et Saint Gonnery. Pains de campagne, pains de seigle, pains de petit Epeautre et de grand Epeautre, pain de sarrasin. Pain de blés anciens. Nombreuses recettes gourmandes de saison: tarte aux pommes, chaussons aux pommes, pain d'épices, biscuits...","post_code":22230,"city":"Laurenan","addr":" 35 Quévran ","cat":"AX","tel":"0632801224","email":"fournildequevran@gmail.com","web":"https://fournildequevran.fr/","suspect":0}
,{"id":1205,"lat":48.177555,"lng":-2.422158,"name":"la ferme du b","txt":"Ferme maraîchere produisant plus de 50 légumes sur l'année, ainsi que des herbes aromatiques et quelques fruits. Vente aux particuliers via notre site (commande du samedi au mercredi pour une livraison de paniers le vendredi). Vente aux magasins/restaurateurs ...","post_code":22230,"city":"Merdrignac","addr":" 19 la ville es coupeaux","cat":"AM","tel":"0632715684","email":"fermedub22@gmail.com","web":"https://fermedub.fr/","suspect":0}
,{"id":1206,"lat":48.744843,"lng":-3.066242,"name":"Jardin de Paimpol","txt":"Maraîchage Bio solidaire, Membre du réseau Cocagne. \nL'Esatco emploie au total 60 salariés en handicap psychique dans un milieu protégé. Une vingtaine d'ouvriers mettent tout leur cœur à la production de légumes Bios sur 8,5 Ha de terres et dans 8 serres (3800m2)\nLégumes et fruits de saison toute l'année.\nFermeture au moment des fêtes de fin d'année.","post_code":22860,"city":"Plourivo","addr":"10 Chemin Louis Armez - 1","cat":"AM","tel":null,"email":"jardin.paimpol@esatco.fr","web":"https://esatco.cocagnebio.fr/","suspect":0}
,{"id":1207,"lat":48.18829,"lng":-3.508149,"name":"la ferme de kernon","txt":"éleveur de brebis laitière en agriculture biologique, producteur de fromage au lait cru, tomme.\nLes Brebis sont élevés sur 35 hectares en systeme herbagé.","post_code":22340,"city":"Tréogan","addr":" KERNON","cat":"AL","tel":"0663042285","email":"morgron22@gmail.com","web":"","suspect":0}
,{"id":1208,"lat":48.478386,"lng":-3.455805,"name":"breizh sève","txt":"Récoltant professionnel de sève de bouleau depuis 2014, le lieu de récolte se trouve à l'orée de la forêt départementale de Beffou, un massif forestier de plus de 630 hectares.\nNotre sève de bouleau est ultra fraîche et 100% naturelle.","post_code":22160,"city":"La Chapelle-Neuve","addr":" 1 Guern An Leyour","cat":"A","tel":"0782525637","email":"","web":"https://www.breizhseve.com","suspect":0}
,{"id":1210,"lat":48.70791,"lng":-3.095896,"name":"mes trésors verts","txt":"Mes Trésors Verts vous propose des bouquets et compositions de fleurs fraîches 100% françaises qui respectent l'environnement (pas d'avion réfrigéré, pas de pesticides ni de serres surchauffées et éclairées). \nJe travaille au maximum avec des horticulteurs locaux pour soutenir l'économie locale.\nAfin d'éviter de gaspiller de jolies fleurs, je n'ai pas de stock de fleurs dans mon atelier et travaille uniquement sur commande. N'hésitez pas à me contacter pour toute demande !\nA bientôt et belle journée fleurie !\nJennifer","post_code":22260,"city":"Quemper-Guézennec","addr":" 5 Kertanguy","cat":"A","tel":"0689139211","email":"mestresorsverts@gmail.com","web":"http://www.mestresorsverts.com","suspect":0}
,{"id":1212,"lat":48.169167,"lng":-2.928096,"name":"ferme la doudoutière","txt":"Maraichers bio sur petite surface. Nous cultivons une quarantaine de légumes différents, nous élevons aussi une quarantaine de poules bio pour ainsi vous proposer des œufs par 6  et par 12. \nNous faisons également un peu de transfo avec nos légumes : coulis de tomates anciennes, confits d'oignons, confiture de tomates vertes, confitures de betteraves, confitures de courgettes\n\nplus tard quand notre verger sera suffisement productif nous pourrons vous proposer des fruits ( pommes, poires, peches, prunes, mirabelles, abricot, amandes, kaki, nashi, coing, et des petits fruits tels que framboises, cassis, caseile, groseilles)","post_code":22530,"city":"Saint-Connec","addr":" 2 kerlanduren Ferme La Doduoutière ","cat":"AM","tel":"0650573267","email":"ferme-ladoudoutiere@outlook.fr","web":"https://www.facebook.com/doudoutiere","suspect":0}
,{"id":1213,"lat":48.369453,"lng":-1.978078,"name":"le rucher des faluns","txt":"Découvrez nos différents miels: printemps, châtaignier ou encore blé noir (sarrasin) ! Miel cru : non chauffé et sans mélange d'autres miels.\nRucher familial travaillant avec de l'abeille noire.","post_code":22630,"city":"Évran","addr":" Bourg","cat":"AN","tel":"0685952005","email":"","web":"","suspect":0}
,{"id":1214,"lat":48.199966,"lng":-2.581109,"name":"le cochon des cas champs","txt":"Vente de viande fraîche et charcuterie artisanale (fraîche), conserverie (terrines et plats cuisinés).","post_code":22210,"city":"Plémet","addr":" Les Cas Champs","cat":"A2","tel":"0661123327","email":"mpbru@wanadoo.fr","web":"","suspect":0}
,{"id":1215,"lat":48.461227,"lng":-2.816953,"name":"Toutipousse","txt":"producteur de légumes biologique de saison avec des variétés de population:  62 variétés tomates,10 poivrons,4 aubergines,10 piments,3 melons, des haricots à rame du fin, quelques aromatiques aneth, cerfeuil, coriandre, sarriette, 4 basilics différents, persil, ciboulette, sauge, romarin, oseille, oignons, échalote, salades,","post_code":22440,"city":"Ploufragan","addr":"19 rue des grinsailles 22440 PLOUFRAGAN","cat":"AM","tel":"0624305796","email":"","web":"","suspect":0}
,{"id":1782,"lat":48.786003,"lng":-3.050007,"name":"ARIN La ferme Paimpolaise","txt":"Produits proposés : Huîtres","post_code":22500,"city":"Paimpol","addr":"KERITY KERARZIC ","cat":"AP","tel":"0646311418","email":"","web":"","suspect":0}
,{"id":1783,"lat":48.547153,"lng":-2.828354,"name":"EARL DEKERFRANCOIS","txt":"Produits proposés : Légumes","post_code":22590,"city":"Pordic","addr":"La ville Callé  ","cat":"AM","tel":"0789365210","email":"","web":"","suspect":0}
,{"id":1785,"lat":48.37648,"lng":-2.817915,"name":"individuel","txt":"Produits proposés : Fromages Chèvres & Brebis, yaourt, fromage blanc","post_code":22940,"city":"Plaintel","addr":"la garenne 22940 plaintel","cat":"AL","tel":"0783793109","email":"","web":"","suspect":0}
,{"id":1786,"lat":48.355045,"lng":-2.784717,"name":"GAEC FERME DU CEDRE BLEU","txt":"Produits proposés : Pommes de terre","post_code":22150,"city":"Plœuc-L'Hermitage","addr":"4 Berlugeon 22150 PLOEUC L'HERMITAGE","cat":"AC","tel":"0683470777","email":"","web":"","suspect":0}
,{"id":1787,"lat":48.49501,"lng":-2.688253,"name":"MILON BAUDET","txt":"Produits proposés : Légumes","post_code":22360,"city":"Langueux","addr":"1 rue de la marne 22360 langueux","cat":"AM","tel":"0648292256","email":"","web":"","suspect":0}
,{"id":1794,"lat":48.190052,"lng":-2.426592,"name":"Serres du Mené","txt":"Produits proposés : Plants de légumes et plantes ornementales; Agriculture Biologique; Vente aux particuliers et professionnels","post_code":22230,"city":"Merdrignac","addr":"6 rue du Porohet ","cat":"AM","tel":"0296284995","email":"","web":"","suspect":0}
,{"id":1796,"lat":48.454586,"lng":-2.39101,"name":"Jardin de la Perrière","txt":"Produits proposés : Légumes; Agriculture Biologique","post_code":22270,"city":"Plédéliac","addr":"Launay Chauvin ","cat":"AM","tel":null,"email":"","web":"","suspect":0}
,{"id":1790,"lat":48.224808,"lng":-2.568974,"name":"Légumes et Fruits du Mené","txt":"Produits proposés : Fruits; Légumes; Plantes aromatiques","post_code":22330,"city":"Le Mené","addr":"La Vieille Lande 22330 Saint Gilles du Mené","cat":"AM","tel":"0780357498","email":"","web":"","suspect":0}
,{"id":1791,"lat":48.55282,"lng":-2.555295,"name":"Cidrerie de la Baie","txt":"Produits proposés : Gelée de pomme; Jus de pommes; Cidre, poiré, apéritifs, eau de vie, cidraigre; Visites guidées et goûters de crêpes; Location d’ânes de randonnée sur réservation","post_code":22400,"city":"Lamballe-Armor","addr":"16 Saint-Plestan 22400 Planguenoual","cat":"AF","tel":"0671193529","email":"","web":"","suspect":0}
,{"id":1792,"lat":48.488747,"lng":-2.488572,"name":"chapelain avril","txt":"Produits proposés : viande de boeuf et veau de race limousine","post_code":22400,"city":"Lamballe-Armor","addr":"rimo 22400 lamballe","cat":"A2","tel":"0632581217","email":"","web":"","suspect":0}
,{"id":1793,"lat":48.41636,"lng":-2.482145,"name":"Jacques Meslay","txt":"Produits proposés : Viande de porcs, charcuteries, plats préparés, traiteur","post_code":22400,"city":"Lamballe-Armor","addr":"La Mare - La Poterie 22400 Lamballe","cat":"A2","tel":null,"email":"","web":"","suspect":0}
,{"id":1797,"lat":48.44792,"lng":-2.341513,"name":"EARL Le Jardin de l'Arguenon","txt":"Produits proposés : Fruits; Légumes","post_code":22270,"city":"Plédéliac","addr":"29 Le Plessix Camet ","cat":"AM","tel":"0616227132","email":"","web":"","suspect":0}
,{"id":1798,"lat":48.36365,"lng":-1.993647,"name":"Domaine du triskell rouge","txt":"Produits proposés : Safran","post_code":22630,"city":"Évran","addr":"7 La Roseraie ","cat":"AX","tel":"0296882081","email":"","web":"","suspect":0}
,{"id":1799,"lat":48.427845,"lng":-1.990808,"name":"Ferme de la Moinerie","txt":"Produits proposés : Viande de porc, saucisses, ...","post_code":22630,"city":"Les Champs-Géraux","addr":"La Moinerie ","cat":"A2","tel":"0616661516","email":"","web":"","suspect":0}
,{"id":1800,"lat":48.222225,"lng":-3.514493,"name":"Ferme de Coat-Laëz-Ar-Hou","txt":"Produits proposés : Viande bovine; Découpe et partage dans un atelier spécialisé, qualité et hygiène garanties; Sur rendez-vous","post_code":22340,"city":"Plévin","addr":"Coat-Laëz-Ar-Hou ","cat":"A2","tel":"0650702437","email":"","web":"","suspect":0}
,{"id":1801,"lat":48.774403,"lng":-3.421486,"name":"EARL LE BIDEAU","txt":"Produits proposés : veau de lait, génisse","post_code":22700,"city":"Louannec","addr":"Pont Querhent 22700 louannec","cat":"AL","tel":"0620956020","email":"","web":"","suspect":0}
,{"id":1802,"lat":48.23601,"lng":-3.438678,"name":"Jean-François Bernard","txt":"Produits proposés : Colis de viande bovine Limousine; Livraison à domicile possible sur les départements 22, 29 et 56; Réservations en ligne","post_code":22340,"city":"Paule","addr":"Ilot de Kerhuel  ","cat":"A2","tel":"0687390878","email":"","web":"","suspect":0}
,{"id":1803,"lat":48.732204,"lng":-3.406298,"name":"berezai christophe","txt":"Produits proposés : Porc","post_code":22300,"city":"Rospez","addr":"3 impasse de brozos ","cat":"A2","tel":"0658886164","email":"","web":"","suspect":0}
,{"id":1804,"lat":48.801434,"lng":-3.364616,"name":"EARL DE LANNO","txt":"Produits proposés : Légumes; Agriculture Biologique","post_code":22660,"city":"Trélévern","addr":"Lanno, route de kermaria 22660 Trelevern","cat":"AM","tel":"0644728165","email":"","web":"","suspect":0}
,{"id":1805,"lat":48.74145,"lng":-3.35289,"name":"Daniel Tudoret","txt":"Produits proposés : Chou-fleur","post_code":22300,"city":"Lanmérin","addr":"8 rue Charles Bougot ","cat":"AM","tel":"0673022796","email":"","web":"","suspect":0}
,{"id":1806,"lat":48.623543,"lng":-3.099677,"name":"Aberdeen Angus Kergouezou","txt":"Produits proposés : Viande bovine","post_code":22200,"city":"Pommerit-le-Vicomte","addr":"KERGOUEZOU 22200 POMMERIT LE VICOMTE","cat":"A2","tel":"0784061801","email":"","web":"","suspect":0}
,{"id":1807,"lat":48.843506,"lng":-3.088577,"name":"EARL Le Guen Chaumard","txt":"Produits proposés : Huîtres","post_code":22610,"city":"Lanmodez","addr":"8, min er goas ","cat":"AP","tel":"0678416030","email":"","web":"","suspect":0}
,{"id":2341,"lat":48.454414,"lng":-2.04316,"name":"ADRIAN COLIN VERRERIE D'ART","txt":"TYPE D'ACTIVITÉ : Création,Restauration; SECTEUR :  Verre; SPÉCIALITÉ :  Travail du verre soufflé, filé et sculpté au chalumeau; DIPLÔMES : CAP art et technique du verre au chalumeau, BMA art et technique du verre au chalumeau, Meilleur ouvrier de France en verrerie d’art au chalumeau.; ","post_code":22100,"city":"Dinan","addr":"1 rue du Jerzual, 22100 DINAN","cat":"OV","tel":"0670654677","email":"adrian.colin@wanadoo.fr","web":"","suspect":0}
,{"id":2343,"lat":48.31102,"lng":-3.191688,"name":"arc'had","txt":"TYPE D'ACTIVITÉ : Création,Restauration,Tradition; SECTEUR : Pierre; SPÉCIALITÉ :  Restaurateur du bâti ancien","post_code":22480,"city":"Saint-Nicolas-du-Pélem","addr":"saint eusebe, ","cat":"OE","tel":"0632505673","email":"archad22@gmail.com","web":"http://www.archad22.com","suspect":0}
,{"id":2344,"lat":48.704563,"lng":-3.448445,"name":"Armorique Vitrail","txt":"TYPE D'ACTIVITÉ : Création,Restauration,Tradition; SECTEUR :  Verre; SPÉCIALITÉ :  Création, restauration, luminaire, vitraux avec inclusion de papier traditionnel japonais, sculptures vitrail; DIPLÔMES : CAP arts et techniques du verre option vitrail / Master arts / Cerfav compagnon verrier européen; ","post_code":22300,"city":"Ploubezre","addr":"3 rue Paul Salaün, 22 300 Ploubezre","cat":"OV","tel":"0783472861","email":"atelier@armoriquevitrail.fr","web":"https://armoriquevitrail.fr","suspect":0}
,{"id":2469,"lat":48.454693,"lng":-2.042028,"name":"PATRICK CHUPIN","txt":"TYPE D'ACTIVITÉ : Création,Restauration; SECTEUR : Verre; SPÉCIALITÉ :  Sculpteur orfèvre art liturgique; DIPLÔMES : BT ouvrages métalliques; ","post_code":22100,"city":"Dinan","addr":"29, rue du Jerzual, ","cat":"OQ","tel":"0625262306","email":"patrick.chupin@free.fr","web":"","suspect":1}
,{"id":2362,"lat":48.789177,"lng":-3.101373,"name":"ATELIER DE TAPISSERIE IMPRESSIONS","txt":"TYPE D'ACTIVITÉ : Création,Restauration,Tradition; SECTEUR :  Textile; SPÉCIALITÉ :  Tout travaux de tapisserie de style et moderne; DIPLÔMES : CAP tapissier décorateur ; ","post_code":22740,"city":"Lézardrieux","addr":"75, le Port, 22740 LEZARDRIEUX","cat":"OE","tel":"0686446496","email":"infos@lacaze-robert.fr","web":"http://www.lacaze-robert.fr","suspect":1}
,{"id":2363,"lat":48.697205,"lng":-3.057398,"name":"ATELIER DES GOBLINS","txt":"TYPE D'ACTIVITÉ : Création; SECTEUR :  Textile; SPÉCIALITÉ :  Tissus pour luminaires coton lin chanvre; DIPLÔMES : Autodidacte; ","post_code":22260,"city":"Quemper-Guézennec","addr":"N° 4 Le Cirque, 22260 Quemper-Guezennec","cat":"HT","tel":"0681893792","email":"chenu.francois@orange.fr","web":"http://www.atelier-des-goblins.com","suspect":0}
,{"id":2364,"lat":48.45273,"lng":-2.023493,"name":"Atelier des Métaux","txt":"TYPE D'ACTIVITÉ : Création,Restauration,Tradition; SECTEUR : Métiers liés à l'architecture; SPÉCIALITÉ :  Serrurier d'art restaurateur et fabricant de serrures et quincailleries anciennes; DIPLÔMES : Autodidacte; ","post_code":22100,"city":"Lanvallay","addr":"za du Clos des Landes 8 rue des Ajoncs, ","cat":"OM","tel":"0607307292","email":"atelierdesmetaux@serrure.fr","web":"http://www.serrure.fr","suspect":0}
,{"id":2370,"lat":48.454304,"lng":-2.044152,"name":"ATELIER HORLOGERIE CLASSIQUE","txt":"TYPE D'ACTIVITÉ : Restauration; SECTEUR :  Bijouterie-joaillerie-orfèvrerie-horlogerie; SPÉCIALITÉ :  Conservateur, restaurateur en pendulerie ; DIPLÔMES : Licence d'histoire, L2 - Technicien horloger - Membre de la FFCR - Master 2 CRBC Paris I Sorbonne ; ","post_code":22100,"city":"Dinan","addr":"11, rue de la lainerie, ","cat":"OB","tel":"0627545138","email":"horloger@pendulerie.com","web":"","suspect":1}
,{"id":2371,"lat":48.533978,"lng":-2.752213,"name":"ATELIER JAOUEN","txt":"TYPE D'ACTIVITÉ : Création; SECTEUR :  Cuir; SPÉCIALITÉ :  sellerie harnachement, sellerie maroquinerie; DIPLÔMES : Sellier harnacheur / Haras du Pin; ","post_code":22190,"city":"Plérin","addr":"2 RUE PAUL GAUGUIN, 22190 PLERIN","cat":"OT","tel":"0684421511","email":"contact@atelier-jaouen.com","web":"http://www.atelier-jaouen.com","suspect":0}
,{"id":2374,"lat":48.335667,"lng":-3.250043,"name":"ATELIER KOAD BRAS","txt":"TYPE D'ACTIVITÉ : Création; SECTEUR :  Bois; SPÉCIALITÉ :  mobilier en bois massif, assemblée à l'ancienne en évitant tout vissage avec une finition écologique; DIPLÔMES : brevet de maîtrise; ","post_code":22110,"city":"Trémargat","addr":"Coat Braz, ","cat":"O0","tel":"0296365640","email":"info-koadbras@orange.fr","web":"http://www.koadbras.com","suspect":0}
,{"id":2388,"lat":48.17842,"lng":-2.687518,"name":"ATELIERS ALLOT FRÈRES","txt":"TYPE D'ACTIVITÉ : Création,Restauration,Tradition; SECTEUR : Textile; SPÉCIALITÉ :  Ébénisterie d'art; DIPLÔMES : Architecte d'intérieur & ébéniste d'art; ","post_code":22600,"city":"Loudéac","addr":"Route de Rennes ZAC Les Parpareux, 22600 LOUDEAC","cat":"OE","tel":"0296281869","email":"info@freres-allot.com","web":"https://freres-allot.com/","suspect":1}
,{"id":2397,"lat":48.60818,"lng":-3.233964,"name":"BRIN D'ACIER","txt":"TYPE D'ACTIVITÉ : Création,Restauration,Tradition; SECTEUR :  Métal; SPÉCIALITÉ :  Forge; DIPLÔMES : CAP Ferronnerie d'art; ","post_code":22540,"city":"Pédernec","addr":"2, Roudougwin Izellan, ","cat":"OF","tel":"0672943998","email":"brindacier1@free.fr","web":"","suspect":1}
,{"id":2410,"lat":48.514908,"lng":-2.216233,"name":"DR Orfèvre","txt":"TYPE D'ACTIVITÉ : Création,Restauration; SECTEUR :  Bijouterie-joaillerie-orfèvrerie-horlogerie; SPÉCIALITÉ :  Création, fabrication et restauration d'oeuvres en métaux cuivreux et précieux; DIPLÔMES : CAP Orfèvre; ","post_code":22130,"city":"Plancoët","addr":"6 Rue de Penthièvre ZA de Nazareth, ","cat":"OB","tel":"0614536117","email":"contact@dr-orfevre.fr","web":"","suspect":0}
,{"id":2418,"lat":48.292652,"lng":-3.3695,"name":"GRANITS ANCIENS ET CONTEMPORAINS","txt":"TYPE D'ACTIVITÉ : Création,Restauration,Tradition; SECTEUR :  Pierre; SPÉCIALITÉ :  Sculpture restauration ; DIPLÔMES : Formation de taille de pierre à St Marc le Blanc ; ","post_code":22340,"city":"Maël-Carhaix","addr":"Kergikel-Hamon, 22340 MAEL-CARHAIX","cat":"OZ","tel":"0296246535","email":"pikmein@yahoo.fr","web":"http://www.granit-deco-jardin.levillage.org","suspect":0}
,{"id":2428,"lat":48.671036,"lng":-2.91667,"name":"JB CREATION CERAMIQUE","txt":"TYPE D'ACTIVITÉ : Création,Restauration,Tradition; SECTEUR :  Terre; SPÉCIALITÉ :  modeleur; DIPLÔMES : Compagnon chez Roland Tostivint ; ","post_code":22580,"city":"Plouha","addr":"11 ROUTE DU PALUS, 22580 PLOUHA","cat":"OE","tel":"0296203040","email":"joel.babey@worldonline.fr","web":"http://babeyceramique.com","suspect":0}
,{"id":2433,"lat":48.45437,"lng":-2.042986,"name":"Katell Jewels","txt":"TYPE D'ACTIVITÉ : Création; SECTEUR :  Bijouterie-joaillerie-orfèvrerie-horlogerie; SPÉCIALITÉ :  Bijouterie précieuse contemporaine; DIPLÔMES : Niveau II (licence - Degree (BA HONS)); ","post_code":22100,"city":"Dinan","addr":"10 du Jerzual, 22100 DINAN","cat":"OB","tel":"0601592182","email":"katell@katell-leclaire.fr","web":"http://www.Katell-Leclaire.fr","suspect":0}
,{"id":2438,"lat":48.489365,"lng":-2.782111,"name":"L'ATELIER DE LILA","txt":"TYPE D'ACTIVITÉ : Restauration; SECTEUR :  Textile; SPÉCIALITÉ :  Réfection à l'ancienne; DIPLÔMES : 2 CAP - BAC Pro; ","post_code":22440,"city":"Ploufragan","addr":"4, rue de Tréfois, ","cat":"OE","tel":"0670375436","email":"barraudlila@gmail.com","web":"","suspect":0}
,{"id":2462,"lat":48.523285,"lng":-2.867025,"name":"MICHEL LE FAUCHEUR","txt":"TYPE D'ACTIVITÉ : Création,Restauration; SECTEUR : Décoration (tous matériaux); SPÉCIALITÉ :  Création et restauration de décors - Restauration d'objets d'art; DIPLÔMES : IPEDEC Paris; ","post_code":22440,"city":"Trémuson","addr":"25,rue du commandant Hamon ATELIER DES SIECLES, 22440 TREMUSON","cat":"OS","tel":"0670698007","email":"atelierdessiecles@gmail.com","web":"http://www.atelierdessiecles.com","suspect":0}
,{"id":2475,"lat":48.811047,"lng":-3.509324,"name":"POTERIE DE KERIANEGAN","txt":"TYPE D'ACTIVITÉ : Création,Tradition; SECTEUR :  Terre; SPÉCIALITÉ :  Haute température; DIPLÔMES : CAP Tournage; ","post_code":22560,"city":"Pleumeur-Bodou","addr":"Kerianegan Vraz, ","cat":"OQ","tel":"0296159284","email":"contact@poterie-kerianegan.com","web":"","suspect":1}
,{"id":2484,"lat":48.47105,"lng":-2.517206,"name":"SELLERIE LEFEUVRE","txt":"TYPE D'ACTIVITÉ : Création,Restauration,Tradition; SECTEUR :  Cuir; SPÉCIALITÉ :  Sellier harnacheur spécialiste de la selle et du harnais d'attelage; DIPLÔMES : Cap Sellier Harnacheur; ","post_code":22400,"city":"Lamballe-Armor","addr":"Place du Champ de Foire, 22400 Lamballe","cat":"OT","tel":"046262385","email":"sellerielefeuvre@gmail.com","web":"","suspect":0}
,{"id":10073,"lat":48.578293,"lng":-2.566275,"name":"Le Local","txt":" ","post_code":22370,"city":"Pléneuf-Val-André","addr":"Quai des Terre-Neuvas ","cat":"AG","tel":"0604172733","email":"","web":"","suspect":0}
,{"id":10361,"lat":48.450016,"lng":-2.3289852,"name":"Les Confitures de Christelle","txt":"Produits proposés : Confitures et compotes; Cueillette sauvage; Agriculture Biologique","post_code":22270,"city":"Plédéliac","addr":"14, Saint Maleu du val","cat":"A","tel":"0663744974","email":"contact@lesconfituresdechristelle.fr","web":"https://www.lesconfituresdechristelle.fr/revendeurs","suspect":0}
,{"id":10362,"lat":48.427715,"lng":-2.0704968,"name":"Gaec de la Reauté","txt":"Vente à la ferme de viande de porc","post_code":22100,"city":"Saint-Carné","addr":"14 Le Haut Pont Roux","cat":"A","tel":"0296835611","email":"","web":null,"suspect":0}
,{"id":10365,"lat":48.595585,"lng":-3.385777,"name":"Un Simple Jardin","txt":"Pépinière de plantes médicinales, aromatiques, petits fruits et arbustes connus et étonnants","post_code":22420,"city":"Trégrom","addr":"Ker an noc'h","cat":"4","tel":"0681891146","email":"alix.charmant.manon@gmail.com","web":null,"suspect":0}
,{"id":10496,"lat":48.82475,"lng":-3.311387,"name":"La Ferme de Boiséon","txt":"\n Facebook:https://www.facebook.com/fermevegetaledeboiseon","post_code":22710,"city":"Penvénan","addr":"3 Bois Yvon","cat":"A","tel":"0642138997067981","email":"boiseon@gmail.com","web":"https://lafermevegetaledeboiseon.blogspot.com/","suspect":0}
,{"id":10572,"lat":48.19531,"lng":-2.288636,"name":"L'AKarterie","txt":"Artiste créatrices/dessinatrice de petits objets du quotidiens.\nCartes, Set de tables...","post_code":22230,"city":"Trémorel","addr":null,"cat":"OE","tel":null,"email":"lakarterie@gmail.com","web":"https://www.lakarteriedanne.com/","suspect":0}
,{"id":10573,"lat":48.412968,"lng":-2.145825,"name":"Ferme de la Ville Bondenier","txt":"Maraîchage à la cueillette : fruits / légumes / fleurs","post_code":22980,"city":"Trébédan","addr":"La Ville Bondenier","cat":"AM","tel":"0620564005","email":"ghislain.desalins22@gmail.com","web":"https://www.facebook.com/profile.php?id=61550775772652","suspect":0}
,{"id":11006,"lat":48.699688,"lng":-3.518643,"name":"SEBASTIEN L’HEREEC","txt":"Bateau: le Trugarez, port d’attache: Locquémeau","post_code":22300,"city":"Ploumilliau","addr":"Bout Gouez","cat":"A","tel":null,"email":"sebastienlhereec@orange.fr","web":"","suspect":0}
,{"id":11949,"lat":48.524494,"lng":-2.24119,"name":"Atelier Renouard","txt":"Spécialisés dans la conception d’articles en cuir, nous nous positionnons dans le « luxe du quotidien ». Nous créons des pièces inspirées par une mode naturelle et tendance à la fois. Nos collections s’illustrent à travers des coordonnées subtiles : sacs à main, petite maroquinerie, chaussures, ceintures, carrés de soie, bijoux en cuir. Nos articles en cuir sont personnalisables car, selon nous, le luxe ne se témoigne pas seulement par la qualité, mais aussi par l’exclusivité, la rareté des pièces que vous portez.","post_code":22130,"city":"Plancoët","addr":"Rue du Connétable de Clisson","cat":"OTI","tel":"0296842142","email":"contact@renouard.fr","web":"https://www.maroquinerie-renouard.com","suspect":0}
,{"id":11950,"lat":48.523476,"lng":-2.239586,"name":"C.de Swan","txt":"C. de Swan Maroquinier est une entreprise de tradition qui a hérité d'un savoir-faire dont on trouve le point de départ il y'a plus de 100 ans, en France. C'est plus précisément à Plancoët, dans les Côtes d'Armor en Bretagne, que l'atelier, riche de son savoir-faire traditionnel, développe la ligne C. de Swan depuis plus de 25 ans.  Plancoët est, depuis toujours, une ville reconnue pour ses tanneries.","post_code":22130,"city":"Plancoët","addr":"Pl. Châteaubriand","cat":"OTI","tel":"0296841442","email":"cdeswan@gmail.com","web":"https://www.cdeswan.com/","suspect":0}
,{"id":12244,"lat":48.61315,"lng":-2.823569,"name":"LE GRAND LEJON","txt":"Transformation et conservation de poisson, de crustacés et de mollusques (10.20Z)","post_code":22520,"city":"Binic-Étables-sur-Mer","addr":"13 Rue de Beaumont","cat":"A","tel":null,"email":"","web":"","suspect":0}
,{"id":12405,"lat":48.440075,"lng":-2.854779,"name":"MANUFACTURE DES FORGES","txt":"Fabrication de serrures et de ferrures (25.72Z)","post_code":22800,"city":"Plaine-Haute","addr":"2 Route des Croix","cat":"OU","tel":null,"email":"","web":"","suspect":0}
,{"id":12451,"lat":48.53365,"lng":-2.041411,"name":"CYTISE","txt":"Fabrication d’autres meubles et industries connexes de l’ameublement (31.09B)","post_code":22490,"city":"Pleslin-Trigavou","addr":"46 La Grabotais","cat":"O0","tel":null,"email":"","web":"","suspect":0}
,{"id":12777,"lat":48.31,"lng":-3.1924162,"name":"A.R.P.B","txt":"Travaux de maçonnerie générale et gros œuvre de bâtiment","post_code":22480,"city":"Saint-Nicolas-du-Pélem","addr":"15 Lieu-dit Saint-Eusèbe","cat":"OU","tel":null,"email":"","web":"","suspect":0}
,{"id":12870,"lat":48.600838,"lng":-2.152235,"name":"Atelier Sachet","txt":"L’Atelier SACHET est un atelier artisanal spécialisé dans la préparation de paille de seigle aplanie, destinée aux professionnels de la marqueterie de paille, des métiers d’art et de la décoration. Situé en Bretagne, nous aplanissons chaque brin de paille pour offrir une matière prête à l’emploi, rigoureusement préparée.Notre service d'aplanissement répond aux exigences des marqueteurs, ébénistes, restaurateurs et décorateurs recherchant une qualité artisanale, une souplesse constante et un respect des savoir-faire traditionnels.L’Atelier SACHET est le partenaire de confiance pour ceux qui souhaitent se libérer du temps consacré à la préparation de la paille et se concentrer pleinement sur l’art de la marqueterie.","post_code":22770,"city":"Lancieux","addr":"4 impasse des Ganivelles ,        22770  France","cat":"_","tel":null,"email":"ateliersachet@gmail.com","web":"","suspect":0}
,{"id":12871,"lat":48.538452,"lng":-2.141206,"name":"BOCEL Annie","txt":"domaine d'activité: Commerce à destination du consommateur particulier (B2C); effectifs: 1","post_code":22650,"city":"Beaussais-sur-Mer","addr":"29 le bourg ,        22650  France","cat":"_","tel":null,"email":"maitredart@inma-france.org","web":"","suspect":0}
,{"id":12877,"lat":48.51102,"lng":-2.774464,"name":"ÉTABLISSEMENTS BULLIER","txt":"univers de marché: Beaux arts; effectifs: 25","post_code":22000,"city":"Saint-Brieuc","addr":"37 Boulevard Laennec ,        22000 SAINT-BRIEUC France","cat":"_","tel":null,"email":"","web":"","suspect":0}
,{"id":3,"lat":48.45027,"lng":-2.08278,"name":"MANIVEL","txt":"","post_code":22100,"city":"Quévert","addr":"","cat":"A","tel":"0608375524","email":"armelle.manivel@orange.fr","web":"","suspect":0}
,{"id":5,"lat":48.222527,"lng":-3.284525,"name":"FERME DE KERINGANT","txt":"la Ferme est en Agriculture Biologique depuis sa création. C'est là que pâturent dès que la météo le permet le petit troupeau de vaches HEREFORD et de Brebis SOLONOTES de Pascal et Pascale.   Ces races ont été choisies pour la tendreté et le goût de leur viande ainsi que leur rusticité.   Nourris à l'herbe et au foin  sans céréales ni ensilage  nos vaches et nos brebis y élèvent paisiblement leur veaux et leur agneaux.   Nous vous accueillons à la ferme pour le retrait des colis de viande de bœuf et d'agneau  Sur RESERVATION UNIQUEMENT.  Pour le bœuf : par 3kg  5 kg ou 10 kg selon le type de colis.  Pour l'agneau : entier (entre 15 et 18 kg)  en demi ou quart.   L'été  nous proposons saucisses de brebis et merguez de brebis  saucisses de boeuf et merguez de boeuf.","post_code":22110,"city":"Rostrenen","addr":"","cat":"A2","tel":"0652443270","email":"fermedekeringant@gmail.com","web":"https://www.facebook.com/profile.php?id=100063702665648","suspect":0}
,{"id":18,"lat":48.64367,"lng":-3.08805,"name":"BONNE ESPERANCE, BIQUETTE&BARBICHETTE","txt":"Exploitation caprine en transformation fromagère","post_code":22200,"city":"Pommerit-le-Vicomte","addr":"9 Kersimon","cat":"AL","tel":"0296914905","email":"bonnesperance@orange.fr","web":"","suspect":1}
,{"id":20,"lat":48.51734,"lng":-3.23919,"name":"TY LIPOUS","txt":"Ty Lipous est une exploitation familiale avec 40 vaches laitières\r\nTransformation du lait en yaourt, crème dessert et riz au lait ","post_code":22200,"city":"Moustéru","addr":"Groesquer Bras ","cat":"AL","tel":null,"email":"yanncheritel@tylipous.bzh","web":"https://ferme.tylipous.bzh","suspect":0}
,{"id":21,"lat":48.49421,"lng":-2.7135,"name":"CREPERIE YOUENN ALLANO","txt":"Entreprise artisanale de  9 personnes\r\nFabrication de crêpes et galettes avec des produits locaux","post_code":22360,"city":"Langueux","addr":"29, rue de Rennes ","cat":"AX","tel":"0296338577","email":"lacreperiedeyouenn@yahoo.fr","web":"https://www.lacreperiedeyouenn.fr","suspect":0}
,{"id":33,"lat":48.46186,"lng":-2.95025,"name":"EARL LE NOUVEL","txt":"Producteur de pommes de terre sur 20 hectares","post_code":22800,"city":"Cohiniac","addr":"La Porte aux Maitres ","cat":"AC","tel":"0296738527","email":"sylvin.le-nouvel@wanadoo.fr","web":"","suspect":0}
,{"id":34,"lat":48.69029,"lng":-3.10101,"name":"EARL LE SAINT HORTICULTURE","txt":"Maraîchage (plein champs et tunel) - Environ 52 légumes","post_code":22260,"city":"Quemper-Guézennec","addr":"1 Allée Junter -","cat":"AM","tel":"0296950772","email":"lesainthorticulture@orange.fr","web":"https://www.artisanduvegetal-quemper-guezennec.fr","suspect":0}
,{"id":12915,"lat":48.10387,"lng":-2.646905,"name":"Le Fournil du gué de l'isle","txt":"Boulanger à l'ancienne : pain au levain, pétrissage à la main, cuit au feu de bois","post_code":22210,"city":"Saint-Étienne-du-Gué-de-l'Isle","addr":"8 Impasse de l'École","cat":null,"tel":"0665367525","email":null,"web":"","suspect":0}
,{"id":44,"lat":48.35245,"lng":-2.91365,"name":"GAEC FERME DE LA CRAULEE","txt":"Production et transformation de lait","post_code":22800,"city":"Lanfains","addr":"La Craulée -","cat":"AL","tel":"0296748379","email":"craulois@craulois.com","web":"https://lecraulois.com","suspect":0}
,{"id":45,"lat":48.66667,"lng":-3.23993,"name":"GAEC HENRY","txt":"Viande bovine et viande de veau","post_code":22140,"city":"Coatascorn","addr":"Baltazar ","cat":"A2","tel":"0296470150","email":"isabelle.henry22@orange.fr","web":"","suspect":0}
,{"id":55,"lat":48.40504,"lng":-2.32515,"name":"HAMON Yves-Marie","txt":"Producteur de légumes et de volailles","post_code":22270,"city":"Jugon-les-Lacs Commune nouvelle","addr":"Impasse de la Mare ","cat":"AM2","tel":null,"email":"yvesmariehamon@yahoo.fr","web":"","suspect":0}
,{"id":58,"lat":48.51357,"lng":-2.0742,"name":"LA FERME DE LA PAUMERAIS","txt":"Principalement producteur de volailles : poulet pintade canard et poule plein air nous vous proposerons de nombreux autres produits : charcuterie, produits laitiers, crème et beurre, fromage, œufs etc...","post_code":22490,"city":"Pleslin-Trigavou","addr":"Le Bois Seigneur ","cat":"AL","tel":"0631993211","email":"antoine.heuze369@orange.fr","web":"","suspect":0}
,{"id":69,"lat":48.65796,"lng":-2.85242,"name":"SARL LES VIVIERS DE ST MARC","txt":"Société familiale de Mareyeurs créée en 1996, nous possédons une usine dernière génération de transformation de poissons et de coquilles Saint-Jacques en frais et surgelés basée à Saint-Quay-Portrieux.\r\nNous possédons un deuxième site basé à Tréveneuc où nous pratiquons une activité viviers. ","post_code":22410,"city":"Saint-Quay-Portrieux","addr":"","cat":"AP","tel":"0296705630","email":"vanessa@viviers-st-marc.com","web":"","suspect":1}
,{"id":83,"lat":48.51452,"lng":-2.66714,"name":"GUERNION FRERES DES VILLES MAROTTES","txt":"Producteur de porc sur paille sans OGM et sans antibiotique. Collaboration avec Elie Guernion à Ploufragan pour la vente de volailles bio  et avec le Verger Fleuri à Plestan pour la vente de jus de pomme.  Nous proposons également des pommes de terre et des oeufs","post_code":22120,"city":"Hillion","addr":"Les Villes Marottes ","cat":"A2","tel":"0296322248","email":"","web":"","suspect":0}
,{"id":84,"lat":48.55454,"lng":-3.12423,"name":"LA CHAROLAISE","txt":"Nous travaillons en association avec des producteurs de viandes et vous proposons une multitude de produits de boucherie, de charcuterie et des plats traiteurs.\r\nUne très grande diversité d'entrées, viandes, poissons à commander pour vos réceptions, repas de famille... mais aussi des plateaux repas, chauds ou froids, destinés aux entreprises","post_code":22970,"city":"Ploumagoar","addr":"5, Avenue du Goëlo","cat":"A2","tel":"0296119881","email":"jeanmichel.hillion@gmail.com","web":"https://www.facebook.com/p/La-Charolaise-Bzh-100057522456300/","suspect":0}
,{"id":97,"lat":48.74512,"lng":-3.06553,"name":"ESATCO Paimpol","txt":"L'ESATCO Paimpol à Plourivo vous propose des légumes bio de saison à travers une formule de paniers et une vente directe le jeudi. Le maraichage BIO diversifié dispose de légumes ultra-frais tout au long de l'année.","post_code":22860,"city":"Plourivo","addr":"10 Chemin Louis Armez","cat":"AM","tel":"0296554130","email":"accueil.paimpol@esatco.paimpol.fr","web":"http://www.esatco.fr","suspect":0}
,{"id":98,"lat":48.7707,"lng":-3.16189,"name":"GAEC Bothorel","txt":"L'élevage se situe à Pleudaniel  aux portes de la Presqu'île Sauvage. Territoire préservé  bordé par les estuaires du Trieux et du Jaudy. Nos brebis consomment l'herbe  les fourrages et les céréales produits sur l'exploitation. Les agneaux élevés sous la mère jusqu'à l'âge de 2 mois 1/2 à 3 mois  reçoivent ensuite une alimentation traditionnelle (céréales de l'exploitation  foin et paille.  - viande agneau  semi gros et détail  merguez véritables  saucisses agneau....  - viande de bœuf de race Aubrac en colis  ","post_code":22740,"city":"Pleudaniel","addr":"Prat Collet ","cat":"A2","tel":"0296201891","email":"bothorel.alain22@orange.fr","web":"http://www.agneaupresquile.com","suspect":0}
,{"id":1198,"lat":48.702515,"lng":-3.250964,"name":"viva cité la pépinière des petits fruitiers","txt":"Du 15 décembre 2023 au 31 Mars 2024 ; Vente de buissons fruitiers produits en plein champ et sans arrosage à Pommerit-Jaudy. En conversion biologique depuis Juin 2023.\nVenez choisir des variétés de caseilliers, cassissiers, framboisiers remontant ou non remontant, groseilliers à grappes ou à maquereau, sureau... de quoi agrémenter votre jardin de douceurs culinaires à la portée de la main !","post_code":22450,"city":"La Roche-Jaudy","addr":" Kerverzot 22450 Pommerit-Jaudy ","cat":"AX","tel":"0765744937","email":"pepiniere-viva-cite@francemel.fr","web":"https://www.facebook.com/profile.php?id=100088788782970","suspect":0}
,{"id":1209,"lat":48.39764,"lng":-2.624859,"name":"spiruline d'armor","txt":"Spiruline d'Armor est une ferme aquacole basée à Hénon dans les Côtes d'Armor, entre Saint-Brieuc et Moncontour. Elle est à échelle humaine, respectueuse de l’environnement et s’inscrit dans une logique de développement durable, respectueuse de notre environnement : serre non chauffée, bassin d’eau en circuit fermé, souche naturelle, en conversion vers l'agriculture biologique. \nNous commercialisons notre spiruline paysanne et locale sous différentes formes : brindilles, micro-paillettes et comprimés.\nNous privilégions la distribution de notre spiruline en vente directe et circuits courts ainsi que sur notre site internet www.spiruline-armor.fr","post_code":22150,"city":"Hénon","addr":" La Ville Robert","cat":"AX","tel":"0682354777","email":"contact@spiruline-armor.fr","web":"https://www.spiruline-armor.fr","suspect":0}
,{"id":1788,"lat":48.545277,"lng":-2.599721,"name":"Le panier iodé","txt":"Produits proposés : coquillages et crustacés local","post_code":22400,"city":"Lamballe-Armor","addr":"zone mytilicole de Jospinet 22400 Planguenoual","cat":"AP","tel":"0672625178","email":"","web":"","suspect":0}
,{"id":2452,"lat":48.853966,"lng":-3.00362,"name":"LES VERRERIES DE BREHAT","txt":"TYPE D'ACTIVITÉ : Création; SECTEUR :  Verre; SPÉCIALITÉ :  La quincaillerie décorative mêlant verre et métal. ; DIPLÔMES :  La quincaillerie décorative mêlant verre et métal. ; ","post_code":22870,"city":"Île-de-Bréhat","addr":"Rue de la Citadelle - La Citadelle, 22870 Île de Bréhat","cat":"OV","tel":"0686860909","email":"info@verreriesdebrehat.com","web":"http://www.verreriesdebrehat.com","suspect":0}
,{"id":2490,"lat":48.300316,"lng":-3.239953,"name":"Véronique Belleret","txt":"TYPE D'ACTIVITÉ : Création; SECTEUR :  Bijouterie-joaillerie-orfèvrerie-horlogerie; SPÉCIALITÉ :  Bijoux sculpture avec travail de matière (mat et brillant) en fonte à cire perdue.; DIPLÔMES : Licence Arts Plastiques (Paris 1) + Ecole HBJO rue du Louvre Paris formation pour adultes 1982/1983; ","post_code":22110,"city":"Plounévez-Quintin","addr":"24 Kerhir, 22110 PLOUVENEZ-QUINTIN","cat":"OB","tel":"0680136365","email":"nathalie@bijoux-lm.fr","web":"","suspect":1}
,{"id":11946,"lat":48.535187,"lng":-3.239919,"name":"Le Groin dans le Foin","txt":"Nous sommes un élevage familial de porc sur paille en semi plein air et de bovins à viande !\n\nNos cochons naissent et grandissent sur la ferme. Nous avons fait le choix de la race Duroc réputée pour sa viande persillée et tendre, au goût d’exception : elle ravira les gourmets!","post_code":22200,"city":"Mousteru","addr":"Kerhir","cat":"A2","tel":"0645634173","email":"h.enora@hotmail.fr","web":"https://www.mangeons-local.bzh/producteurs/le-groin-dans-le-foin/","suspect":0}
,{"id":12868,"lat":48.512276,"lng":-2.748669,"name":"Melanie Dusarse","txt":"Réalisation de batik sur papier avec la technique du batik indonésienà l'aide d'un djanting sur du papier fait à la main au Japon ( washi) ou en France à base de lin ou de chanvre et lin.Ces papiers d'art entrent dans la fabrication de  certaine reliure d'art, la fabrication d'abat jour ou en papier décor sur du mobilier .","post_code":22000,"city":"Saint-Brieuc","addr":"avenue Corneille ,        22000  France","cat":"_","tel":null,"email":"melanie.dusarse@free.fr","web":"","suspect":0}
,{"id":12876,"lat":48.219086,"lng":-2.93423,"name":"Flora Verre","txt":"L’atelier Flora Verre est situé à Guerlédan, en Centre Bretagne. Je propose des objets en verre thermoformé (art de la table et décoration). Mes sources d’inspirations sont les paysages et l’univers végétal à différentes échelles. Cela offre à mes pièces leur motif et leur texture.","post_code":22530,"city":"Guerlédan","addr":"8 rue Julien Maunoir ,        22530  France","cat":"_","tel":null,"email":"flora.verre@orange.fr","web":"","suspect":0}
,{"id":105,"lat":48.35479,"lng":-2.25768,"name":"Les Brassins du Lion d'Or","txt":"Fabrication et vente de bières artisanales","post_code":22250,"city":"Trémeur","addr":"Le Lion d'Or ","cat":"AF","tel":null,"email":"brassinsduliondor@orange.fr","web":"","suspect":0}
,{"id":109,"lat":48.424934,"lng":-2.312123,"name":"Les Lames De K","txt":"Coutelier","post_code":22,"city":null,"addr":null,"cat":"OR","tel":null,"email":null,"web":"","suspect":0}
,{"id":1,"lat":48.46682,"lng":-2.60562,"name":"VADAINE","txt":"Je propose la vente en drive de mes plants de fleurs : géraniums (zonal, lierre double, lierre simple), bégonias (feuille rouge et verte), verveine, bacopas, dipladénias, lobélias, hortensias, agapanthes, muguets, et en plants de légumes, quelques courgettes, tomates. Une livraison est possible selon le périmètre.","post_code":22120,"city":"Pommeret","addr":"","cat":"4","tel":"0682934044","email":"renault.isabelle.22@gmail.com","web":"https://www.facebook.com/Plantes-Fleurs-109243464079391/","suspect":0}
,{"id":17,"lat":48.55797,"lng":-3.12043,"name":"BIO ARTISANAL","txt":"Boucherie charcuterie traditionnelle en viandes biologiques ","post_code":22200,"city":"Saint-Agathon","addr":"Zone de Kerhollo - 3 Rue de l'Argoat","cat":"A2","tel":"0963413069","email":"sarl.bio-artisanal@wanadoo.fr","web":"https://www.bioartisanal.com/","suspect":0}
,{"id":11960,"lat":48.435394,"lng":-2.20118,"name":"OpenHomeSystem","txt":"Concepteur et producteur de produit open-source & open-hardware.<br>\n<ul>\n<li> OpenHEMS : mini-serveur de pilotage domotiques et d'optimisation de la facture d'électricité.</li>\n</ul>","post_code":22980,"city":"Plélan-le-Petit","addr":"7 le Surget","cat":"I","tel":"0627239899","email":"contact@openhomesystem.com","web":"https://openhomesystem.com/","suspect":0}
,{"id":1211,"lat":48.393795,"lng":-2.449674,"name":"micro-ferme de carcouet","txt":"La Micro-Ferme de Carcouet est une petite exploitation agricole situé sur la commune de Plestan en Cotes d'Armor (22).\nNous cultivons nos légumes et élevons nos animaux selon les modes de productions de l'agriculture biologique (certifié par Ecocert).","post_code":22640,"city":"Plestan","addr":" 3 le petit lescouet","cat":"AM","tel":"0642560206","email":"romain.visdeloup@laposte.net","web":"https://www.facebook.com/MFCarcouet","suspect":0}
,{"id":106,"lat":48.580048,"lng":-2.141732,"name":"Baie des Caps- Boutique","txt":"Habillement à base de laine.","post_code":22650,"city":"Beaussais-sur-Mer","addr":"13 Rue du Colonel Pléven","cat":"I","tel":null,"email":"contact@baiedescaps.com","web":"https://baiedescaps.com/fr/","suspect":0}
,{"id":100,"lat":48.44037,"lng":-2.406611,"name":"Ferme vache Meuhg lait","txt":"Producteurs de lait cru et fromages : camembert au lait cru, tomme, crème crue fermière, beurre, fromage blanc, fromage frais","post_code":22270,"city":"Saint-Rieul","addr":"5, La Haute Ville","cat":"A","tel":"0296317653","email":"fermevachemeuhglait@gmail.com","web":"","suspect":0}
]}